direction_idx,azimuth,elevation
0,1.5707963267949,1.5707963267949
1,1.60379350591293,1.54058288973075
2,1.56525739617035,1.6338256633479
3,1.52358375211743,1.50931633619633
4,1.6589303404244,1.5863645604076
5,1.48628331077233,1.62444109767317
6,1.59936270205182,1.46494243296094
7,1.62557881295389,1.67583589438117
8,1.45179678908296,1.52746751758832
9,1.69504301362799,1.51968550676899
10,1.51045953584128,1.69894814562386
11,1.52605372635054,1.42915238734883
12,1.70527257370817,1.6483376042716
13,1.41303857142907,1.60532152066097
14,1.66777777571764,1.43392744568165
15,1.59331104967543,1.74280935354547
16,1.43318457681947,1.45569372651206
17,1.7553415878013,1.56320819055863
18,1.43525895057498,1.70445980159365
19,1.57993348760875,1.3757126223683
20,1.70020416187195,1.72422239885934
21,1.36722887922058,1.54360209893393
22,1.7441703086554,1.45134207945684
23,1.52291670001923,1.78041940760183
24,1.46028588697639,1.38065813032391
25,1.78465273923177,1.63840031640586
26,1.36265216993956,1.66598278973106
27,1.66214273012162,1.35618871875727
28,1.65245646578835,1.79380791460388
29,1.35614667752211,1.45931099066246
30,1.80861782346241,1.50877625536669
31,1.43373053786314,1.78018358821621
32,1.52690290120758,1.3208157059122
33,1.77621822040806,1.72747527761948
34,1.31007102203706,1.59214974371693
35,1.75333774977021,1.37703038950539
36,1.5694503862051,1.84000049631725
37,1.38488727108273,1.36978885197445
38,1.84630593590791,1.59600334823732
39,1.34540435490244,1.73881689676931
40,1.62296636730288,1.29163861407039
41,1.72695336410756,1.81308317264514
42,1.2896719330319,1.4949086139379
43,1.83428041908015,1.4379272123014
44,1.46449719656589,1.84953018165109
45,1.45419363658249,1.29243315534151
46,1.84756729172698,1.69957834601404
47,1.27578135933415,1.66019997967255
48,1.73200250485903,1.30347174541886
49,1.63896902715486,1.87797776510361
50,1.30892051813772,1.38892318147077
51,1.88932567057906,1.53178632543203
52,1.35647172520866,1.81565643475244
53,1.55843163253912,1.24390738588472
54,1.80689977261997,1.80384794500222
55,1.23791386612532,1.55408998260009
56,1.83405818663404,1.35900473245681
57,1.52205670707842,1.90676124809551
58,1.37137537446646,1.2906570730505
59,1.90797201636471,1.64677143690287
60,1.26483791239493,1.73982007134404
61,1.68336918784162,1.23744383755381
62,1.72301002580764,1.89173163745809
63,1.24010105628271,1.43390328538677
64,1.91155322348501,1.45297754687611
65,1.39449767797871,1.88935436227349
66,1.47536573087711,1.21749621672261
67,1.88367754495458,1.76823296204684
68,1.20441320255749,1.63049461268341
69,1.80789471901802,1.27910949658259
70,1.60150521441735,1.94608008946027
71,1.28744822757786,1.31533002314551
72,1.95266438153842,1.57443226558583
73,1.27835478249921,1.82419992696218
74,1.61039027020706,1.18550574494646
75,1.81276900078214,1.87953417007153
76,1.18434711299549,1.50044497455314
77,1.9110558053995,1.36596274198606
78,1.45827058286717,1.95304317658538
79,1.38174527720778,1.21585499888536
80,1.95028272911323,1.70930025823185
81,1.1918064735489,1.71823387525234
82,1.75562777673677,1.20507287715798
83,1.69629940357762,1.96258461257577
84,1.21037735638327,1.36476206535301
85,1.97830726617749,1.48790084464081
86,1.31746067498944,1.90676719575182
87,1.51773410910309,1.15363620659767
88,1.89958294026961,1.84154942092948
89,1.14578174923947,1.58381854089978
90,1.88608267275593,1.27694130300277
91,1.54514703086003,2.00010541511507
92,1.28646429508536,1.24046195860991
93,2.00166428157807,1.63107301626899
94,1.20224550378489,1.81151706598241
95,1.67805496772198,1.14372570683701
96,1.79799114504405,1.95313573787955
97,1.14629450032243,1.43578455458009
98,1.98242854152583,1.39256475280508
99,1.38278036670407,1.98081658380229
100,1.41261655351118,1.14649675475734
101,1.97614707476904,1.77988536760392
102,1.12724666131242,1.67902725088859
103,1.83509436020249,1.19228127409749
104,1.64982746157456,2.02467490913026
105,1.1979301934762,1.29052043742617
106,2.03445182287643,1.53814650659783
107,1.23774315526155,1.90440038183655
108,1.57821459060624,1.10168524714271
109,1.89742017761031,1.9169689740856
110,1.09934345745118,1.52426302685037
111,1.96283026996911,1.2939484064607
112,1.47342463480767,2.03946580595695
113,1.3042510279214,1.16658021261012
114,2.03724971184979,1.69808448066071
115,1.13101067499581,1.78091239319433
116,1.7573190348377,1.11872578488692
117,1.7640240398545,2.02254520441711
118,1.12269991319026,1.36330018230488
119,2.04626078998409,1.43537668769111
120,1.30008864399534,1.99053155786859
121,1.46247832361024,1.08460946993604
122,1.98654413231284,1.85569320161191
123,1.07220545928983,1.62560473251738
124,1.91728540013154,1.19792005572065
125,1.58556773462502,2.07608881157647
126,1.20199453594546,1.21375965584927
127,2.07961465423217,1.60046353926279
128,1.15934813600359,1.88406407040394
129,1.65401561984879,1.06329176486191
130,1.8777121041705,1.99204294092966
131,1.06503866856838,1.454854748498
132,2.03494449459214,1.32780558037329
133,1.39005303905783,2.06300899311263
134,1.34040345970741,1.0961069046946
135,2.05966931247024,1.772679052181
136,1.06691536932062,1.73502776876016
137,1.84379524755797,1.11094321731072
138,1.71145853013716,2.08531670202602
139,1.11333515886629,1.28557588516591
140,2.10114343717215,1.49163292115835
141,1.21473368103554,1.98257641794319
142,1.53011403975737,1.03260934950168
143,1.98153448260936,1.93426788588142
144,1.02742701838428,1.56070662344452
145,1.99807240447306,1.22081661326414
146,1.50577474482498,2.11462243604259
147,1.22272451259165,1.13690706092381
148,2.11347734262983,1.67222678463327
149,1.08560595235516,1.8475500515199
150,1.74170302871535,1.04017068622192
151,1.84019565534336,2.06427551248057
152,1.04299854753892,1.37807323232123
153,2.10002806802658,1.37632211892457
154,1.29936390223479,2.06977648563442
155,1.39498711680732,1.03165642625195
156,2.06877074716689,1.85250095034029
157,1.01150157212782,1.67624327207812
158,1.93286805716038,1.12043838333585
159,1.6409136794216,2.13877157031319
160,1.11852832825346,1.20490843905356
161,2.14618917338124,1.55892328935421
162,1.13095490399643,1.95775166822892
163,1.61371925447514,0.993039782780541
164,1.96054920310578,2.01327720904232
165,0.993387999123775,1.48667726982477
166,2.07403817919611,1.25948988308659
167,1.41365674727543,2.13818571385713
168,1.26084625325979,1.06243078606164
169,2.13573498146688,1.75119283915754
170,1.01896670619464,1.79678014815967
171,1.83695036002422,1.0336376259981
172,1.78428917951753,2.13100005445152
173,1.03356584496456,1.29607839218321
174,2.1565045240345,1.43735899502688
175,1.20609694751107,2.05940775045274
176,1.46790692131025,0.976052994601663
177,2.0640104681109,1.93541245230778
178,0.965691452885258,1.60674914225053
179,2.02015754830224,1.14664612020742
180,1.55376859497101,2.18013125736181
181,1.13910914647806,1.12350822742392
182,2.1808747089951,1.63510432953467
183,1.05225872092858,1.91735154838971
184,1.71029796638201,0.968279535974949
185,1.92252645488641,2.09032909431813
186,0.97045603987205,1.40557756682926
187,2.14270388615796,1.31217868903984
188,1.31356822780342,2.14517994182524
189,1.31737096599429,0.99298654856419
190,2.14596311748472,1.83536687122721
191,0.960997807246201,1.73374305020783
192,1.93484153635151,1.04428186867603
193,1.70959662795242,2.18931365358428
194,1.03739360188196,1.2108594554283
195,2.20347222959933,1.50887292150543
196,1.11482136443439,2.03230630965026
197,1.55822194263333,0.932253176421254
198,2.04439972066825,2.01933309726493
199,0.929993215985106,1.52854413769982
200,2.10204104297419,1.18838494456496
201,1.45278686459037,2.20676833567155
202,1.17638425388766,1.04366572631338
203,2.20483465292108,1.71825682820303
204,0.981154468056705,1.86304627505518
205,1.81545446777879,0.960181985611767
206,1.8660893521313,2.1628186142693
207,0.959069939993714,1.31926408894155
208,2.20252890226704,1.37698314346683
209,1.21065240546681,2.13481668245091
210,1.39317009688131,0.931510259909321
211,2.14346955180982,1.92289457413658
212,0.91255053489894,1.66038675395996
213,2.0305582171342,1.07182292630326
214,1.61658501954459,2.23611918730515
215,1.05555596908267,1.12436705539954
216,2.24047463434674,1.58896825792496
217,1.02931804420411,1.98958708394614
218,1.66345108683073,0.903114679134249
219,2.00845974670077,2.1020883670111
220,0.904729363437464,1.44343781042957
221,2.17596253148386,1.24402766602575
222,1.34239535237918,2.21657796831398
223,1.23203984163496,0.967906528383566
224,2.21766020124545,1.80663945033855
225,0.919151757968037,1.79669158083941
226,1.92377300110058,0.969730849303055
227,1.78990400180918,2.22781375937991
228,0.959911570141979,1.22947029800459
229,2.25272884772579,1.45201174056532
230,1.11004500422465,2.10726984225116
231,1.48829789442663,0.881208626015731
232,2.12715140131248,2.01195098410536
233,0.874006684651136,1.5785360399509
234,2.12010745622549,1.11518343586161
235,1.50737593010531,2.26833848902403
236,1.08964116785014,1.0386518067566
237,2.26725905516974,1.67591921179554
238,0.952215923216641,1.93286908043467
239,1.77917401148984,0.891004936455748
240,1.95425130496337,2.18125404647644
241,0.890248128318073,1.35307613334913
242,2.24043960915058,1.31172826072745
243,1.22831796896839,2.20836721937726
244,1.30785256668884,0.899125425041041
245,2.218715976886,1.89862583024951
246,0.866958804688997,1.7201532588846
247,2.02972501791696,0.996858366612239
248,1.69334637155975,2.28202943850892
249,0.974067413732273,1.13790194750893
250,2.29301230647915,1.53548442579163
251,1.01601669223839,2.06359641684027
252,1.60109226820068,0.84537096850315
253,2.09536697538149,2.10061296882254
254,0.845530241241279,1.48985453747047
255,2.20075216602,1.17272608862957
256,1.38631278917277,2.28332298057625
257,1.14178247084644,0.956019238320706
258,2.28355971302197,1.76815777513841
259,0.88497966517491,1.86401675120089
260,1.89933888082767,0.897353578640779
261,1.87958743988549,2.25400401701961
262,0.887111383757,1.25899155133725
263,2.29484528553927,1.38962093856299
264,1.11655752021549,2.18208484443052
265,1.4050555973392,0.8406512788913
266,2.20696827699246,1.99262150423321
267,0.824765194603194,1.63518870066785
268,2.1286833022239,1.04051995819319
269,1.57750265557914,2.32197948812611
270,1.0031823092758,1.04635451812993
271,2.32331807495701,1.62578119733956
272,0.931457545529033,2.00547278913515
273,1.72739463162125,0.826947476627879
274,2.04585079141265,2.18670673406379
275,0.827288323776752,1.39584774670873
276,2.27103103850268,1.24254378333267
277,1.25977090928677,2.27936809915682
278,1.21452895475119,0.879197293256503
279,2.28890861759865,1.86423287604476
280,0.82815258490896,1.78491843908172
281,2.01738356223435,0.922356135712498
282,1.78260540896961,2.31700456660764
283,0.896270863496839,1.16267613948461
284,2.33910102083662,1.47595159562832
285,1.01219180020221,2.13876262786754
286,1.52326157000133,0.796143891176279
287,2.18081367784954,2.08695596510039
288,0.792518054148242,1.54339063629677
289,2.21754851524993,1.0989836833927
290,1.44619816550015,2.34439489001991
291,1.04959102841072,0.956861256869626
292,2.34359015959889,1.72144512508795
293,0.857845066084518,1.93487055243909
294,1.86054578608368,0.827964153874966
295,1.9757554916061,2.26762908700675
296,0.819639604525399,1.29789728966578
297,2.33048507315953,1.32270490676508
298,1.13495594708672,2.25609617717654
299,1.31036640392524,0.811482096549132
300,2.28245903491575,1.9627452856938
301,0.781693979306662,1.69734263121693
302,2.12766815347588,0.965002559170618
303,1.66287773699762,2.36645672153577
304,0.919250190041384,1.06568050259601
305,2.37338360897888,1.56913995087649
306,0.918599954142984,2.08020087497198
307,1.65916640405455,0.769199831819587
308,2.13790956376269,2.17974108520139
309,0.770152184479146,1.44618017206367
310,2.29480124012715,1.17019297588798
311,1.30628814258706,2.34687645833779
312,1.11636240236916,0.871878215417378
313,2.35359094052016,1.82115272141776
314,0.79555482739789,1.85378443161158
315,1.9926210397438,0.849031842431265
316,1.88201076951225,2.3401654190833
317,0.823308102280917,1.1973194551492
318,2.37928219532854,1.41140988271529
319,1.01820097827254,2.21447688821258
320,1.43063021891651,0.756765384120976
321,2.26279901952626,2.06225728763559
322,0.745293790392882,1.60287094625043
323,2.22644504696602,1.02341506869576
324,1.52296698783258,2.39844135404819
325,0.958342588412117,0.969747160958965
326,2.39788810526403,1.66778890406848
327,0.837376947455238,2.0085609137459
328,1.80586893982126,0.762644238237272
329,2.07505072411369,2.26868504368572
330,0.75777513011972,1.34483339187948
331,2.36014682907739,1.25207028400269
332,1.16647071652505,2.32851538831516
333,1.2070798655708,0.794495827539817
334,2.3527323086834,1.92366060481201
335,0.74428335776607,1.76406142668787
336,2.1164425237105,0.889251512950916
337,1.76231950931018,2.40038839134927
338,0.839568773361346,1.09544756465428
339,2.41787530570452,1.50706260130392
340,0.913733770337208,2.15647029171687
341,1.57373669837968,0.719265460014203
342,2.22773540324788,2.16116874391512
343,0.718619058321717,1.50288758814649
344,2.31199959977477,1.09530807139726
345,1.36959545789154,2.40965937979399
346,1.01680201600316,0.876992626913577
347,2.41264418329993,1.77065959982801
348,0.768741050669714,1.92602333671615
349,1.95388262070194,0.777762335059125
350,1.98824122137387,2.350860001601
351,0.755829625028597,1.24053072947011
352,2.41403337919709,1.34270470892467
353,1.03493952722587,2.29009550761042
354,1.32500304758532,0.728612200786376
355,2.33989532595577,2.02773033566566
356,0.703424488360756,1.66732500577139
357,2.22716148748665,0.94658158061326
358,1.61705602279717,2.4438255638583
359,0.870472283333058,0.993745753556155
360,2.44674335850964,1.60828115849032
361,0.823446908562075,2.08450563137421
362,1.73344847951341,0.702791070504097
363,2.17404983948394,2.2575433337234
364,0.701496907485241,1.3986038425792
365,2.38418250402456,1.1783766677166
366,1.21298872132729,2.39835851742915
367,1.09891471614521,0.790150602664553
368,2.41736100817087,1.87662482494994
369,0.712089403268826,1.83458002920425
370,2.0938129662822,0.813947607021155
371,1.87331889790425,2.42246497624904
372,0.765265265069684,1.13442584616045
373,2.45723214951979,1.44043252742432
374,0.917341452931171,2.23373159442892
375,1.47115999424604,0.678886320884821
376,2.31320523802244,2.13202492416415
377,0.672344559187582,1.5649650367074
378,2.32262997433975,1.01842997850464
379,1.45158986193925,2.46614391412935
380,0.9191252930247,0.893971122657779
381,2.46620789509003,1.71387264457796
382,0.747432330335135,2.0010349461696
383,1.89894595253954,0.709660545830689
384,2.0972992326669,2.34886427121562
385,0.694061925478932,1.29110308077744
386,2.44376279632729,1.27052981838588
387,1.06392921994957,2.36488469977473
388,1.20962508921228,0.712859466280896
389,2.41126673870214,1.98460537759397
390,0.666471906182518,1.73594820359728
391,2.21899351536452,0.86903097326467
392,1.72773098514873,2.47874228072781
393,0.78775654122926,1.02773920284124
394,2.4905413778777,1.54384580063846
395,0.816183286657535,2.16219706069857
396,1.6414875085223,0.65015993686965
397,2.26973124622246,2.23496042588993
398,0.650567844461356,1.45816484610821
399,2.40279565971374,1.102172638145
400,1.27705971898861,2.4643588598247
401,0.989994172663045,0.798410409384817
402,2.4762934710509,1.82278857540973
403,0.684742014060153,1.90826816512344
404,2.05789197042082,0.739896367573966
405,1.99192814695343,2.43171343685363
406,0.696903784084408,1.1814002719688
407,2.49188563935114,1.36998293565713
408,0.93037666977633,2.31142768127479
409,1.35303395887013,0.649873261535413
410,2.39290307251206,2.09348563728285
411,0.630914182018085,1.63156399916722
412,2.32641983083537,0.94004072312897
413,1.55378149784381,2.51439466408583
414,0.826008098708428,0.921891710305771
415,2.51459707609167,1.65176231563855
416,0.731504615286682,2.07831542217616
417,1.82496358839675,0.646174062684474
418,2.20510729166653,2.3344837781583
419,0.637908535361198,1.34794652555537
420,2.46879975268598,1.19545890112692
421,1.1074667764717,2.43794489352602
422,1.08904000881033,0.710216073329499
423,2.47659394948564,1.93406831309508
424,0.634016445967901,1.80807212865888
425,2.20070173198521,0.79134210072586
426,1.85237964524055,2.50144859216294
427,0.711256019207101,1.07051834970558
428,2.52971534885429,1.47526134049765
429,0.816019768192301,2.24117123679581
430,1.52900318630548,0.606850165555202
431,2.35982749107343,2.20199468733637
432,0.604612750640116,1.5226167510593
433,2.41602471980392,1.02392351760915
434,1.36176326658932,2.52485993028802
435,0.884179806996401,0.818707627146412
436,2.52974823405058,1.76317834300762
437,0.661955635186171,1.98460261728608
438,2.00592650517526,0.668118084701984
439,2.11318537890764,2.42773857932129
440,0.63459000121573,1.23522579458325
441,2.52223913194054,1.2963234263961
442,0.954411326152985,2.38894353507771
443,1.22307021864499,0.633814808799585
444,2.46610311831723,2.04676948947675
445,0.593884740762847,1.70197080832535
446,2.32275144315711,0.860593987745094
447,1.6763365072891,2.55218423700256
448,0.739276540062863,0.959593079517058
449,2.55823162267167,1.58516047083078
450,0.721013525360196,2.15743220692185
451,1.72874405980696,0.58919452715929
452,2.30816985742719,2.30852530313945
453,0.587053152460741,1.41009941657791
454,2.48938270690271,1.11797017154236
455,1.16880749685613,2.50810322358876
456,0.968395323176841,0.720732688644595
457,2.53595219048745,1.87721425620932
458,0.605674600068468,1.88314054537583
459,2.17032272969293,0.714183361871612
460,1.98620625020212,2.51060309897269
461,0.64139319181826,1.12087616821348
462,2.56471139167707,1.40318155724897
463,0.823788337512641,2.32097641243979
464,1.39696354295844,0.575156295247695
465,2.44295836272908,2.15987582918478
466,0.563180170096594,1.59119208144038
467,2.42370879024866,0.944034540384786
468,1.4702052699563,2.57771492049564
469,0.784486085735805,0.850031448197033
470,2.5781175305319,1.69869094617469
471,0.643542815313722,2.06314523758889
472,1.93412296657271,0.599975897724134
473,2.2320173179323,2.41084227259729
474,0.57809995042723,1.29486372071361
475,2.54865328899443,1.21996183846765
476,0.991873568198085,2.46553632950283
477,1.08700986121055,0.631716221003806
478,2.53264792561369,1.99305435296067
479,0.560812764506175,1.77558683920702
480,2.3105390747489,0.780548920758096
481,1.81684873435416,2.57724017382705
482,0.659884379049928,1.00581010848378
483,2.597583697645,1.51477390107727
484,0.716240011865353,2.23800209444678
485,1.6075650804834,0.541130771958373
486,2.40402514823165,2.27216063283376
487,0.54104660868817,1.47672861479462
488,2.5056433855327,1.03846620355092
489,1.25229418857358,2.57376255011891
490,0.852436498799825,0.743770643944365
491,2.58968408568296,1.81502138988321
492,0.581111078719885,1.96068947493076
493,2.12487427496243,0.638398184645213
494,2.12278913022551,2.50561000562212
495,0.578101624213506,1.17767775964606
496,2.59596606871796,1.3281544189126
497,0.840879890792412,2.40113517650829
498,1.2494406785856,0.557212355433906
499,2.5185592165697,2.10987489319149
500,0.525785930852777,1.66324086190305
501,2.42542750175262,0.862872210393522
502,1.6043094793467,2.62026885031826
503,0.692795148811262,0.89109546312129
504,2.62189141423472,1.63009789806836
505,0.629433391930598,2.14352489960954
506,1.83762845410454,0.537349825094464
507,2.34422152819666,2.38196301791405
508,0.526999361117549,1.35939837870235
509,2.57143582245546,1.14132243428542
510,1.04640616712918,2.54022908796664
511,0.951589342324072,0.643717543952154
512,2.59278693815295,1.93342201861471
513,0.531271700038208,1.85191053460582
514,2.28801980474562,0.700414291655984
515,1.96950282452225,2.58770249834915
516,0.588055799488832,1.05929064724477
517,2.63314274838072,1.4411997069628
518,0.717769215886103,2.31966972002792
519,1.46082887973266,0.504833648275352
520,2.49135786415151,2.22674531211278
521,0.499371139787703,1.54712150269368
522,2.51758301586144,0.957290511616457
523,1.36316261316692,2.63270886286256
524,0.744669433233683,0.778144458102854
525,2.63829211109192,1.74834260415749
526,0.560047791613394,2.04033058738183
527,2.05993089010631,0.565138835371228
528,2.25549377727568,2.48679650013214
529,0.520987227573396,1.23990120699778
530,2.62389382315058,1.25063905666156
531,0.869516414546348,2.48109110801531
532,1.09385468582971,0.554464798967107
533,2.58669237599687,2.05320548964775
534,0.491940291308963,1.7382149396565
535,2.4203976348783,0.780786807453914
536,1.76275108578611,2.64957121706793
537,0.609899128096087,0.940516368141346
538,2.66160486913555,1.55805612305477
539,0.619704515084643,2.22542208195827
540,1.71109327456871,0.482834784687509
541,2.44706988878073,2.34247144990614
542,0.480737274316921,1.42803856149676
543,2.59083315259596,1.06076106639175
544,1.12334858749908,2.61164137663325
545,0.822937237272165,0.669049613873606
546,2.64702446421869,1.86883067294096
547,0.504860458516724,1.93052147078161
548,2.25239916422629,0.620814997136501
549,2.12565661752661,2.58266030619632
550,0.523496322761769,1.11887417218674
551,2.66539537315456,1.36494093937905
552,0.726626428386588,2.40208300993739
553,1.2923496471651,0.483204111326668
554,2.56983498630207,2.17365522544685
555,0.461482601021286,1.62067334845943
556,2.52503383731611,0.874742106053692
557,1.50639987550481,2.68193545732985
558,0.647033053853724,0.822362119474704
559,2.68235960339717,1.67790955446141
560,0.542272222001813,2.12173735205052
561,1.9691157539852,0.496080320545625
562,2.37902866220024,2.45531620418443
563,0.469465225703361,1.30665351683256
564,2.6488818796961,1.17102063978686
565,0.913212613997608,2.56012361034501
566,0.939474441318353,0.56720676288937
567,2.64783326616459,1.99096517089317
568,0.4611618816874,1.81565265075837
569,2.40729329616368,0.698140356036431
570,1.93884453158985,2.66296916279429
571,0.535746300110434,0.996953709077789
572,2.69780529815881,1.48312181742379
573,0.614630560196573,2.3085548491819
574,1.55063942989003,0.439845145113371
575,2.53936660475177,2.29392114830576
576,0.438710722657372,1.5001092958696
577,2.60702127040416,0.978577828127698
578,1.23019416686515,2.67772199046048
579,0.705290674673397,0.706254554533284
580,2.69600088000846,1.80010853692436
581,0.481205552375335,2.01106654021519
582,2.19925033898646,0.542603593428407
583,2.276128514993,2.5624638587931
584,0.465595411705624,1.18353197657444
585,2.69481681712526,1.28642142509711
586,0.744516697552621,2.48485991595438
587,1.11170284338243,0.478418935117978
588,2.63981663651771,2.11417460748374
589,0.426834347672949,1.69687278824657
590,2.52759372555577,0.791089348483228
591,1.68373695203039,2.71768550064401
592,0.560066036650391,0.874860210174408
593,2.72249942894144,1.60434389280465
594,0.527648156716368,2.20463347117203
595,1.84385335590407,0.433746217162361
596,2.49030103837765,2.41284036052763
597,0.422859781269644,1.37716940482116
598,2.67129068120501,1.08962315558265
599,0.977554361095652,2.63719916021436
600,0.794693898969297,0.594481008156826
601,2.70268820313612,1.92411119883462
602,0.432981417384323,1.8951646417939
603,2.38392381677692,0.615347840136183
604,2.12060172358245,2.65898228280068
605,0.469740410071027,1.05919362146474
606,2.73103621139624,1.40576517959128
607,0.614769582480904,2.39266470571656
608,1.35793061180044,0.412325226483828
609,2.62112231774622,2.23784387478603
610,0.400304029576213,1.57503859647734
611,2.62009242986985,0.895027649147488
612,1.37633279854085,2.73537057265061
613,0.600623353190002,0.753537814519341
614,2.7404116950591,1.72796080444875
615,0.459958368413059,2.09324817329092
616,2.1215167158571,0.467061491221962
617,2.41387124595488,2.5285867284963
618,0.413583507760627,1.25237829276087
619,2.72187153874727,1.20599921241477
620,0.774262168430938,2.56753540075827
621,0.932312542540557,0.491096431546664
622,2.70207078899685,2.049438492142
623,0.39488695116239,1.77528721582438
624,2.52451070676523,0.706584974168005
625,1.88890882436395,2.73609144707835
626,0.483322432315203,0.934169415122548
627,2.75932526433241,1.52817173300402
628,0.516132800261636,2.28878314066451
629,1.67462469482343,0.381908783359477
630,2.58834465456984,2.36120646446254
631,0.380467645805717,1.45080024522355
632,2.69145873717071,1.00672023380046
633,1.07144699622846,2.71069666469278
634,0.664878525027807,0.634424208559636
635,2.75206398012989,1.85345968915339
636,0.406937208236194,1.97642119739393
637,2.3466335018714,0.532947740698439
638,2.29447069310037,2.63792440702392
639,0.410996474850301,1.12618376237152
640,2.76183327085115,1.32638466585543
641,0.621119307683758,2.47749990407314
642,1.14456838069281,0.403700583817411
643,2.69310948528644,2.17562566946027
644,0.364908382501451,1.65234239866346
645,2.63003262701726,0.810329296851949
646,1.57007734480555,2.7800934573835
647,0.509056829850647,0.809084363895738
648,2.78095928853629,1.65298346625011
649,0.440788240447583,2.17681441131369
650,2.00802273219992,0.396274867602424
651,2.53529393392949,2.48314208637397
652,0.366636665434485,1.32466348492636
653,2.74702144180397,1.12397846687124
654,0.82063517658279,2.64946468729137
655,0.766517222145161,0.520034919039997
656,2.75755485215902,1.98041619568172
657,0.365107060099914,1.85554903394195
658,2.51446959046711,0.621485574167837
659,2.10520192507691,2.73458280744496
660,0.41579980237154,0.998999279754726
661,2.79343985341001,1.44983886035128
662,0.507806867186626,2.37398265980359
663,1.45649513394766,0.345725795017738
664,2.67370094839948,2.30215845562228
665,0.341593107211629,1.52699854083723
666,2.70971173115794,0.922544238553637
667,1.20871874649138,2.77789666574867
668,0.551956161810005,0.68480613123154
669,2.79678677447032,1.77969784257541
670,0.382563176411438,2.05914109471275
671,2.28913279323007,0.451738455288379
672,2.45038935756848,2.60173849537845
673,0.358519631227272,1.19703561857111
674,2.79073004337634,1.24532014730153
675,0.635413183643305,2.56279152818867
676,0.930913579122953,0.415322425887197
677,2.75647962917598,2.10845588717925
678,0.331926885528019,1.73160953140546
679,2.63668091389876,0.724673297126979
680,1.81005911186107,2.80631326964406
681,0.429563064611665,0.871253954260223
682,2.81832925126688,1.57567972741165
683,0.423370887262115,2.26155058330324
684,1.84215545678534,0.333812305044291
685,2.63988520999831,2.42836563157469
686,0.323937036354818,1.39975822658126
687,2.77074183507129,1.04061991830313
688,0.892013378697349,2.72962597330156
689,0.621518733001003,0.562761685705421
690,2.8072747443583,1.90791940027911
691,0.336957313899839,1.93734311814745
692,2.49517445537784,0.536082441463069
693,2.3111193763714,2.713234001373
694,0.356262157254861,1.06826196788277
695,2.82543571219172,1.36972536227243
696,0.502930200720956,2.46005281319224
697,1.20014484644168,0.330695880638294
698,2.74772849791011,2.23721401024829
699,0.305562209228496,1.60530122076653
700,2.72637703234239,0.837293891930026
701,1.4081971311172,2.83413005167034
702,0.455329857176368,0.743469496326304
703,2.83765914038979,1.70340192112312
704,0.359368432756073,2.14308178105906
705,2.20014174346466,0.37307029243565
706,2.58409093934361,2.55319750676544
707,0.311312003040605,1.27100926483668
708,2.81827235332187,1.16286484211877
709,0.660720149619221,2.64821180743958
710,0.736734981396664,0.445711989229019
711,2.8125038161703,2.03732401357729
712,0.300768809151346,1.81248760635646
713,2.63965245595585,0.638229458924275
714,2.07457806349594,2.80934938563955
715,0.360581696562958,0.938659575384654
716,2.85318400069453,1.49647657197462
717,0.40737016169524,2.34727231059814
718,1.6049483218457,0.285674988096325
719,2.7290395088738,2.36628029052252
720,0.284701412764863,1.47713445330376
721,2.79354712636866,0.956150153400184
722,1.00372577925211,2.80617936694629
723,0.498970362260304,0.616410859055273
724,2.85220721115424,1.83262195850994
725,0.309877558509559,2.02039543260727
726,2.46246893609268,0.450760426410277
727,2.49096010880109,2.67468700839176
728,0.303439473071821,1.14106082885227
729,2.85590543687125,1.28815916917786
730,0.502049693566931,2.54683115988823
731,0.937119627427542,0.339857533335953
732,2.8120891916741,2.1676292435976
733,0.271722629151168,1.68531348947244
734,2.74180688899904,0.751140715302004
735,1.68435188770769,2.87199076154319
736,0.373083876541156,0.808557433206914
737,2.87544321768413,1.62505658486061
738,0.336805093798398,2.2280304936477
739,2.05873293186265,0.299522114108156
740,2.69599357752395,2.49509892109885
741,0.268426254041454,1.34749098515761
742,2.84504192607129,1.07927624219305
743,0.70276550360112,2.73328749714104
744,0.572457555750347,0.491444269700132
745,2.86242590213277,1.96304076715498
746,0.27083498577575,1.89467003850024
747,2.63818466654443,0.551155169307354
748,2.32688450716362,2.78843177449046
749,0.300423376182564,1.01017092326816
750,2.88616836471774,1.41574034043893
751,0.392408109711778,2.43381954106149
752,1.29415058891394,0.260342333376123
753,2.80496968734421,2.29856397508225
754,0.248188590500742,1.55634627245525
755,2.81603126394249,0.870770228422076
756,1.184165004082,2.87542281829784
757,0.396981359075721,0.678361745390807
758,2.8932656650888,1.75508338859864
759,0.283255607679034,2.10446243663616
760,2.40830055095739,0.366130699618561
761,2.63956920773306,2.62274066263619
762,0.256130428459101,1.21666349271047
763,2.88546057397282,1.20542852980256
764,0.50622295920947,2.63416255477601
765,0.702618259390941,0.371552196372185
766,2.86844797161968,2.09441700526286
767,0.239433406389846,1.76669389128011
768,2.75641782695451,0.66423460597815
769,2.01815175409943,2.88293185187651
770,0.30287745749806,0.878570630856609
771,2.91086088435692,1.54507339381679
772,0.314217052517546,2.31379573361821
773,1.82751161919368,0.236489429058389
774,2.78891620378329,2.42982603382861
775,0.228984516750439,1.42596968087643
776,2.8716923357869,0.994786534427967
777,0.77315949974744,2.81718782914811
778,0.438838438208711,0.548695104551315
779,2.90739506384822,1.88626793931361
780,0.241494463628827,1.97788397481037
781,2.63080448712497,0.463607007792826
782,2.53944197228733,2.74726736270345
783,0.247481679201594,1.08488249407698
784,2.91792402372034,1.33379102615701
785,0.37801200075507,2.52105126141888
786,0.95514821461797,0.264726180474484
787,2.87002478349449,2.22654624806671
788,0.213693216375158,1.63701224188407
789,2.83893336019098,0.784664339882643
790,1.47876771335352,2.92951081941494
791,0.312241057836425,0.746492152632802
792,2.9312929998204,1.67577188923722
793,0.256382991171854,2.18932063127762
794,2.31544107465015,0.283384401186187
795,2.75934318752939,2.56100057015916
796,0.213242532258691,1.2944711173986
797,2.91475991497814,1.12179381837812
798,0.517526953740605,2.72188380798397
799,0.513362443651627,0.420770509440831
800,2.91833221381686,2.01838624546742
801,0.208046604358757,1.84914059340179
802,2.77076354521202,0.576708960148891
803,2.34316971405161,2.86354343054144
804,0.242432291082818,0.952335604766738
805,2.9446047577361,1.46380766975858
806,0.290754790031596,2.40019814510616
807,1.46147297961901,0.194986176991531
808,2.8663434871693,2.35924135127498
809,0.192176652790587,1.50601484220278
810,2.89900378915823,0.909613345887022
811,0.898295945183502,2.89810690806792
812,0.331545175856255,0.61421498197307
813,2.94844627413789,1.80754871002222
814,0.212050492635935,2.06187857042705
815,2.6145252501575,0.375762608085589
816,2.70608056272294,2.69135355723711
817,0.200318812753556,1.16207112152688
818,2.94911170276967,1.2509155193547
819,0.363511462861372,2.60884037262839
820,0.658998930575826,0.297667713963866
821,2.92636446296807,2.15126039270491
822,0.180530765608705,1.7187993615175
823,2.86324993448171,0.698009812673944
824,1.90950326239677,2.95433547617056
825,0.241303099315711,0.819182772220367
826,2.96707005334446,1.59508516862349
827,0.228386556385039,2.27475518810063
828,2.14213322135994,0.205424290184058
829,2.85557135338615,2.49230673906627
830,0.17379651401216,1.37398934947089
831,2.94455035514541,1.03749940227835
832,0.540376338129945,2.80979011744949
833,0.367458145411284,0.482171953897372
834,2.96308669710419,1.94018465977903
835,0.176881076305873,1.93237846731538
836,2.78568406635544,0.488686039928879
837,2.60283881614783,2.81915306800942
838,0.189732717917244,1.02894290851601
839,2.9773566968655,1.38157372134237
840,0.265225071090091,2.48705907176209
841,0.996096268996201,0.190072259346633
842,2.93155403671961,2.2847451056957
843,0.157246731337067,1.58725698965426
844,2.92796940105436,0.823972179786414
845,1.14578704181625,2.97109562561849
846,0.24501736836299,0.685571257769172
847,2.98650676511389,1.72733494448762
848,0.181691258933318,2.14641269336113
849,2.582578412162,0.28787615686619
850,2.83365655171275,2.62548841484903
851,0.157681569438013,1.24115496377528
852,2.98044187251636,1.16738038738356
853,0.3478156644495,2.69706770567112
854,0.436817452892954,0.351276465772316
855,2.97585062219641,2.07350782401319
856,0.14801584965633,1.80140851223358
857,2.89043973853039,0.610990855756336
858,2.36316916999827,2.93857852602037
859,0.181126171709423,0.895225638750095
860,3.00133297591901,1.51336876241889
861,0.198118393188667,2.36054586029616
862,1.7803426479739,0.141113210498145
863,2.93365865605058,2.41871743615915
864,0.136912255429078,1.45480297304643
865,2.97572668293796,0.952786721977822
866,0.585658938371856,2.89753594511123
867,0.255719037697066,0.551657248771919
868,3.00387771243314,1.86033704989281
869,0.145186617278424,2.01614621799251
870,2.80264996009169,0.400284199159828
871,2.79062551530571,2.75833463505392
872,0.14307005402937,1.10768448475431
873,3.00981261972126,1.29865890009618
874,0.235806487894816,2.57418320085522
875,0.594268341874022,0.224348571379729
876,2.98732280516896,2.20737951064905
877,0.123472651409335,1.66937049607234
878,2.95993736476024,0.738092963187206
879,1.66755424331491,3.02016765278789
880,0.174238154558969,0.761033647768001
881,3.02241530874511,1.64601057522261
882,0.14941673132404,2.23124060490629
883,2.51630144720549,0.200471522103489
884,2.9318977267849,2.55306719368886
885,0.11848390635089,1.32165826966304
886,3.01271671334701,1.0834451133389
887,0.328860635008531,2.78561244397725
888,0.278617230991319,0.417655213865559
889,3.02004573345212,1.99391652569384
890,0.115434130998904,1.88456071139455
891,2.92282703015715,0.523821515455742
892,2.69552147239444,2.88963612361626
893,0.129205020389534,0.973719673193699
894,3.0347960889894,1.43093222200471
895,0.163969825999011,2.44644684768928
896,1.09921338656797,0.116502625324967
897,2.99813107547789,2.34168412380017
898,0.101786005218292,1.53655440157653
899,3.00942189595483,0.867910439371871
900,0.688238370842579,2.98421634844051
901,0.168893418026991,0.626463027528477
902,3.04171889676399,1.77927731536016
903,0.112094576323298,2.10018244034639
904,2.82469098544047,0.311631921593826
905,2.92426182945341,2.68768356511521
906,0.101017288673657,1.18800058994838
907,3.04271419855257,1.21533726091149
908,0.199464635086651,2.66132681558714
909,0.329039584794596,0.284012268033275
910,3.03589726089368,2.1279265172543
911,0.0901410772935349,1.75205820213956
912,2.99685762196463,0.652245383548374
913,2.39722317976555,3.01350509430217
914,0.115195714309098,0.839383236338013
915,3.05694733666426,1.56391140694787
916,0.113926097679713,2.31609320690831
917,2.34221803792735,0.115389018886513
918,3.00910700602598,2.47632097396434
919,0.0817761454201775,1.40318251839553
920,3.0468886435142,0.999377158448783
921,0.301960477633634,2.87432931540684
922,0.165013107336456,0.491596449191513
923,3.06025402004218,1.91298843912681
924,0.0820064756210888,1.96798327199927
925,2.9644712855469,0.436791510101742
926,2.90503489285993,2.82242104901061
927,0.0835298450381556,1.05398283652102
928,3.0681790900208,1.34806390864191
929,0.123539655818354,2.53215390063469
930,0.475535288574014,0.15247429362172
931,3.0525074585622,2.26223408520532
932,0.0676636799679456,1.6189253596799
933,3.0471488436272,0.783160833217482
934,1.03167935708294,3.06515417247135
935,0.0997715908661194,0.704790608444022
936,3.07750465213977,1.69737442604702
937,0.0765479665092773,2.18420892298701
938,2.85953286082902,0.222909002192084
939,3.02165090178159,2.61119558798651
940,0.0623795768051525,1.26943792508525
941,3.07688961139648,1.131883890912
942,0.150621776770451,2.7481287853127
943,0.162687482567294,0.356506828761317
944,3.07907333608345,2.04698479072234
945,0.0565179804119723,1.83503697527988
946,3.0417346667768,0.566782861477171
947,2.85146787425317,2.95693280855549
948,0.0648210132768459,0.919749482296688
949,3.09084278010235,1.48134219182566
950,0.0734378260932449,2.40065059182559
951,1.52900722176337,0.048585775479105
952,3.07142965467359,2.39670431001484
953,0.0467104668498637,1.48538302013032
954,3.0841444231782,0.915470942131429
955,0.253276032043356,2.9629651398321
956,0.0807300429376144,0.57006698624892
957,3.09757435311439,1.83113624796226
958,0.0468423171953028,2.05139462436768
959,3.02326782221953,0.350374668761628
960,3.03880742989407,2.74620434105109
961,0.0424938710421857,1.13548572039793
962,3.10223903325768,1.26504534258862
963,0.0730066255149005,2.61724391247465
964,0.162556995879992,0.221260368629672
965,3.09945864999011,2.18111024699052
966,0.0338120807251487,1.70162079104931
967,3.09103095102582,0.698898251653471
968,2.51270487678202,3.08799114816464
969,0.0431659844870316,0.785456346420266
970,3.11204479852961,1.6149535952899
971,0.0371995026717726,2.26790855285798
972,2.93500783655128,0.134541418097323
973,3.0953221643934,2.53117435164
974,0.0261410531031739,1.35161737439178
975,3.11330729800115,1.04859136718596
976,0.077718402341673,2.83393226264065
977,0.0533999186113485,0.435385703773048
978,3.11829266890924,1.96502648831934
979,0.0218137246652645,1.91802316451288
980,3.09951104666759,0.482227734088858
981,3.06964331395323,2.88118334931523
982,0.0207889102117336,1.00149304717541
983,3.12483578339361,1.39859200852041
984,0.025391181166345,2.48449786242282
985,0.169867285608094,0.0859212423707772
986,3.12322757254466,2.31518864518012
987,0.0125066298371726,1.56794961396724
988,3.1260296111574,0.832074129605154
989,0.115872031897819,3.05060141178434
990,0.0156792516706609,0.651304273488198
991,3.13295189927012,1.74871171768074
992,0.0088772559104449,2.13448606053638
993,3.11680899174273,0.265537141068208
994,3.12958823249775,2.66539324760652
995,0.00479810939949188,1.21780320911501
996,3.1378087229677,1.18216626514302
997,0.00586560925850811,2.70105168743363
998,0.00506038515667503,0.301098719390098
999,3.14101351306985,2.09886806371781
1000,-0.000511878431435537,1.78435391360873
1001,-3.13899375685258,0.615610881128585
1002,-3.12169456199567,3.01554783018112
1003,-0.00459058250091451,0.867654755989835
1004,-3.13708705150418,1.53231406121255
1005,-0.00774121562813665,2.35089342554497
1006,-3.00973509886548,0.0494836804830374
1007,-3.12984108866683,2.4489841204204
1008,-0.00858430700259038,1.43420899482611
1009,-3.13003644889384,0.965790443389853
1010,-0.0472334793035798,2.91722093287494
1011,-0.0232549772663442,0.517615912995899
1012,-3.12845312749262,1.88243839192711
1013,-0.0148594784734777,2.0007166591758
1014,-3.10428218374873,0.399454124696869
1015,-3.09543453747465,2.7988307838086
1016,-0.01867779788271,1.08412622260831
1017,-3.12349853658093,1.31594906172605
1018,-0.0340652367352452,2.56704824219233
1019,-0.116617436168526,0.168472695667453
1020,-3.11559372899351,2.23244964124206
1021,-0.0215810926232675,1.65059006737783
1022,-3.10854821028735,0.749626985587271
1023,-1.25342479557579,3.11684244615708
1024,-0.0365924686571949,0.734237256131129
1025,-3.11596096357561,1.66602793542948
1026,-0.0332125511470579,2.21689783508205
1027,-2.99132246441713,0.18483683075383
1028,-3.08784179155613,2.58211350769206
1029,-0.0306308755778165,1.3005793851214
1030,-3.10734110029263,1.09974187424836
1031,-0.0897745684165551,2.7823915855729
1032,-0.0866762154950202,0.385061790867624
1033,-3.10444842580048,2.01594074133822
1034,-0.0360948545589623,1.86683126271062
1035,-3.07175595543971,0.534018758585605
1036,-2.96699738710143,2.92978658814391
1037,-0.0461145579670738,0.950811815896658
1038,-3.10277969601529,1.4497448347786
1039,-0.0607410304113643,2.43265555232132
1040,-0.878925991106346,0.0526443287059193
1041,-3.08228579978181,2.36547919526596
1042,-0.0425959459524797,1.51691203345308
1043,-3.08527533844311,0.883878134460908
1044,-0.306139385809228,2.99332188456464
1045,-0.0805127910814367,0.601671974130479
1046,-3.09380682793739,1.79955201597855
1047,-0.0545409241413575,2.08278187707018
1048,-2.98677430592318,0.32012231202866
1049,-3.02192959987943,2.71380612286709
1050,-0.0549656719939106,1.16725938333385
1051,-3.08696717280395,1.23371611786272
1052,-0.1109675512619,2.64740029046778
1053,-0.213359173296542,0.255562705264738
1054,-3.07643593799992,2.14898171373158
1055,-0.0562961952357598,1.73301486239574
1056,-3.05028917794077,0.668724910014541
1057,-2.48558972906005,3.04713574191759
1058,-0.0802744593536506,0.818172808581411
1059,-3.08202295227985,1.58337750214766
1060,-0.0811295722546793,2.29818567690132
1061,-2.58902920282412,0.11750047133733
1062,-3.03726845376112,2.49748851816785
1063,-0.0647077625872038,1.38350148630347
1064,-3.06570030745431,1.01813417830632
1065,-0.237119811850025,2.85886422180251
1066,-0.147210892702295,0.470795512902091
1067,-3.06931891541106,1.93268339788518
1068,-0.0738052017084981,1.94873642916632
1069,-2.98278710174966,0.455272315602782
1070,-2.9002125656667,2.842060065334
1071,-0.0833157399796577,1.03449539343829
1072,-3.06746392567281,1.36753969131784
1073,-0.12530042817317,2.51248667120166
1074,-0.572389655504849,0.138051525727583
1075,-3.04178318974471,2.28123213421352
1076,-0.0766446923433471,1.5994381027333
1077,-3.03364425272869,0.803358136395429
1078,-0.929813824327821,3.04344585748413
1079,-0.125790133001073,0.686704194387979
1080,-3.06009767211773,1.71666637989552
1081,-0.0984895722824499,2.16382339948012
1082,-2.79836771400455,0.247803146813578
1083,-2.9708451221814,2.62760188026221
1084,-0.0891885920036529,1.25056430643365
1085,-3.0478300541348,1.15222797423735
1086,-0.215074088897781,2.72405901471443
1087,-0.26287926686489,0.343607235524506
1088,-3.04083425829493,2.06516844017945
1089,-0.0924124748542476,1.81492211601339
1090,-2.97817470352605,0.590222140111629
1091,-2.61170156999524,2.95946628888785
1092,-0.118174449627307,0.902629009247543
1093,-3.04767989123201,1.50104837499915
1094,-0.137120297732559,2.37777152439917
1095,-1.75093990474461,0.0972726876159415
1096,-2.99620782520022,2.41217857175476
1097,-0.0982419619001432,1.46627972272049
1098,-3.01905408531998,0.937780166904588
1099,-0.48171673709882,2.92503340592014
1100,-0.191277271971392,0.557300787806159
1101,-3.03577156927386,1.84940382570504
1102,-0.114637323506243,2.02971095999138
1103,-2.85963397884891,0.381346343752957
1104,-2.86140700192078,2.75387009947101
1105,-0.117632225267039,1.11835947659041
1106,-3.03033819059546,1.28601265221107
1107,-0.206483300709194,2.58934334626759
1108,-0.504831043730364,0.226371994860177
1109,-3.00600143593134,2.19665653312497
1110,-0.111466831776544,1.68149596640046
1111,-2.97254519023529,0.724901314868129
1112,-1.778274836784,3.02631437021387
1113,-0.16348546754391,0.772185309108963
1114,-3.02655212177081,1.63406618534197
1115,-0.14827105475671,2.24335305223737
1116,-2.47978532077175,0.190822370500269
1117,-2.93206650180862,2.54092168846492
1118,-0.122274590056911,1.33374805911524
1119,-3.00501074154383,1.07187266182446
1120,-0.362165144656601,2.79438052831348
1121,-0.294687346290179,0.43183613958641
1122,-3.00752351124638,1.98132717352337
1123,-0.130767978747602,1.89598137343772
1124,-2.88610380143092,0.51540766430044
1125,-2.65275167752138,2.87091887247517
1126,-0.152249209293551,0.987243738662531
1127,-3.01219080463401,1.41933878295959
1128,-0.20419663131375,2.45486889997373
1129,-1.10838539802118,0.145278928070877
1130,-2.96119625694066,2.32661636577141
1131,-0.131980938294058,1.54863060389872
1132,-2.96564434179674,0.859230588116747
1133,-0.887710050022965,2.96852537772226
1134,-0.226032260560678,0.644057825471155
1135,-3.00294604558164,1.76638498172442
1136,-0.159763727520648,2.10933052049593
1137,-2.68272641217682,0.315810248985102
1138,-2.83432911735296,2.66567560492311
1139,-0.150188399189209,1.20210804834206
1140,-2.99051889508361,1.20551525357606
1141,-0.311610339031384,2.66161814585227
1142,-0.478236433824867,0.314975663750794
1143,-2.97328054466243,2.11207594847512
1144,-0.147815726902948,1.76277661023422
1145,-2.89848497656847,0.649437938837007
1146,-2.19313152065228,2.96020607041577
1147,-0.196366729107791,0.857750390882129
1148,-2.99243981285353,1.55203741929023
1149,-0.205865092838719,2.32074398164277
1150,-1.99350803276251,0.165867643518046
1151,-2.90038905704811,2.45416735462799
1152,-0.155030162566748,1.4165332956016
1153,-2.95722568650599,0.993118513112266
1154,-0.575360650185509,2.85354832236116
1155,-0.318499330326077,0.519940714317857
1156,-2.975493589264,1.89773871783181
1157,-0.172301207695582,1.97581492275647
1158,-2.7653853402313,0.446299878035539
1159,-2.6704433602663,2.78234873586899
1160,-0.1839230598819,1.07172194292826
1161,-2.97478238630569,1.3385724700623
1162,-0.286400476184519,2.52836913046732
1163,-0.844466757785321,0.220588853959778
1164,-2.92998934943156,2.24111813537046
1165,-0.166646238695156,1.63026202370087
1166,-2.90323930070255,0.783204475262423
1167,-1.41192881892353,2.97104602115605
1168,-0.255356156325725,0.730742287779088
1169,-2.97007761212104,1.68390258501517
1170,-0.210594672099518,2.18707393893919
1171,-2.4274329703083,0.265062902815773
1172,-2.8127919568829,2.57770644821757
1173,-0.181902099261181,1.28547029945105
1174,-2.94700302734749,1.12645702279609
1175,-0.450783012796028,2.72676859705614
1176,-0.466534922323186,0.403454657753358
1177,-2.94238383495057,2.02776491371955
1178,-0.186492068012625,1.84293739159471
1179,-2.80681543613853,0.578297070141506
1180,-2.36811604749856,2.88013060919193
1181,-0.226280349821438,0.943118010434558
1182,-2.95704031106621,1.47088192100089
1183,-0.273785268963871,2.39516595498804
1184,-1.49591418489178,0.186184857489569
1185,-2.87285300699627,2.36761164848676
1186,-0.188188896782582,1.4986422037688
1187,-2.90292204804377,0.916549714598675
1188,-0.875272941683918,2.89339674016222
1189,-0.3384597059602,0.607734643008354
1190,-2.94390053910351,1.81466843033414
1191,-0.218089401069818,2.05397513406451
1192,-2.60472698497518,0.386093914537223
1193,-2.67782654460035,2.69400394365766
1194,-0.214283092054274,1.15580314561836
1195,-2.93461924976738,1.25911544209786
1196,-0.38901540638213,2.596672986954
1197,-0.7229565281781,0.303294585886637
1198,-2.90104587387301,2.15594084861349
1199,-0.202964390909638,1.71085873449622
1200,-2.82901796736112,0.710665571416834
1201,-1.83368898325618,2.93127170203193
1202,-0.281555241028813,0.817115804410016
1203,-2.93645442314276,1.60224009344477
1204,-0.268840784423565,2.2622823235685
1205,-2.08748724985153,0.238733467090527
1206,-2.79389921921282,2.49012442864767
1207,-0.213558865443669,1.36818227684262
1208,-2.89862955200396,1.04933072897577
1209,-0.635758837284685,2.78082148027236
1210,-0.462445800034769,0.491629214398532
1211,-2.91234341154366,1.94397520164569
1212,-0.228373059913176,1.92158411093039
1213,-2.69164864062612,0.513404830127298
1214,-2.45574475941461,2.79589223946177
1215,-0.254531771422124,1.02804776238991
1216,-2.91961423937881,1.39093214783071
1217,-0.355175619615991,2.46549594496359
1218,-1.16369117187395,0.240374367345742
1219,-2.84762455108011,2.28147032843269
1220,-0.22244927994364,1.57978221077563
1221,-2.84021831673559,0.842913219275594
1222,-1.24067062488606,2.90404680131681
1223,-0.356668146606451,0.695069585064716
1224,-2.91200411729271,1.73238255628043
1225,-0.269386379586617,2.12991621694757
1226,-2.39347889002262,0.339619933685827
1227,-2.67928011677853,2.60603227504163
1228,-0.244202497278744,1.23923973197523
1229,-2.89077556737697,1.18139535652243
1230,-0.518391879438451,2.65746721676124
1231,-0.65797494846455,0.388452704552556
1232,-2.8732435709851,2.07131454146446
1233,-0.241693936403285,1.79006708160405
1234,-2.73951690298615,0.642925221310536
1235,-2.08714696668277,2.8672218528854
1236,-0.306116385221731,0.902976846033622
1237,-2.90138383944521,1.52170265310928
1238,-0.336563190480396,2.3341055608871
1239,-1.71954776458517,0.244731161569345
1240,-2.77607777867842,2.40307130829773
1241,-0.245864848365292,1.44997198267264
1242,-2.84404412595541,0.974743989571585
1243,-0.873341489714099,2.81813664792811
1244,-0.463189180459202,0.579366763124679
1245,-2.88236087606541,1.86095423339177
1246,-0.274439423064613,1.9982498937625
1247,-2.5464977523036,0.457517273118299
1248,-2.50484808826867,2.71018447927778
1249,-0.282100429731626,1.1123149819561
1250,-2.87937805269973,1.31256718080064
1251,-0.453781999034263,2.53020290458033
1252,-0.971256239245064,0.310981230127395
1253,-2.82347483106186,2.19593687777571
1254,-0.258504843712238,1.65963208648465
1255,-2.76687277143261,0.773179080394834
1256,-1.58711966453933,2.88202521231822
1257,-0.374339774035038,0.781805780289995
1258,-2.87912263274649,1.65116216513597
1259,-0.327652486666502,2.2029589549249
1260,-2.13255041904023,0.313044317993716
1261,-2.67663918182452,2.51855982038134
1262,-0.27442121077164,1.32178091886836
1263,-2.84221032648255,1.10592460895975
1264,-0.680549882794206,2.70751732159578
1265,-0.620475922950437,0.474470111629301
1266,-2.84571449067874,1.98746266863033
1267,-0.283648695969032,1.8674780382513
1268,-2.63079829605429,0.581765799168573
1269,-2.23443517685475,2.79224795151746
1270,-0.330074628828553,0.988135235621562
1271,-2.86416540921855,1.44263119704906
1272,-0.416172509341496,2.40143550854532
1273,-1.41169869039047,0.280812982710267
1274,-2.75836145678621,2.31668810454455
1275,-0.279485603407949,1.53054601995081
1276,-2.78167864173849,0.903458337778504
1277,-1.15082492584957,2.83263943064592
1278,-0.467520315881372,0.66654264754969
1279,-2.85174125011565,1.77895943413543
1280,-0.325796497633365,2.07236994401453
1281,-2.36677845780217,0.414337600611041
1282,-2.53355360349413,2.62402357404171
1283,-0.309767406254727,1.1956938448056
1284,-2.83548310967422,1.23623084254614
1285,-0.573563627480692,2.58722527297836
1286,-0.857137439796018,0.388901277120095
1287,-2.79951544943173,2.11120195228876
1288,-0.297068284638003,1.73782742001305
1289,-2.68033711158853,0.708612337812551
1290,-1.84938811836655,2.83448703790286
1291,-0.392264651003834,0.867798465382454
1292,-2.84459946053869,1.57131623959704
1293,-0.39455960504463,2.27224795918528
1294,-1.84871056571726,0.311413152174218
1295,-2.67076195457826,2.43171303150523
1296,-0.305600508987337,1.40315952995328
1297,-2.78775188575355,1.03332784817373
1298,-0.877277836275919,2.7427416123435
1299,-0.598650715568292,0.5606522293955
1300,-2.81774486615061,1.90461660875
1301,-0.329715702923291,1.94260777757262
1302,-2.499163397158,0.529545428733285
1303,-2.32392073750288,2.71231424314673
1304,-0.354206975165599,1.0723966841254
1305,-2.82406961171497,1.36541758484837
1306,-0.510294941766317,2.46283208621539
1307,-1.19392921751537,0.337229431344158
1308,-2.7400863016168,2.23112536382262
1309,-0.315075040617371,1.60957650509705
1310,-2.70976994671908,0.836435091835366
1311,-1.42926184798159,2.82134288231229
1312,-0.474844524773464,0.753026332984515
1313,-2.81984752661411,1.69827075294411
1314,-0.383681181754785,2.14325178786579
1315,-2.15511566143402,0.388117697744864
1316,-2.54983852300516,2.53791559108697
1317,-0.338194847082999,1.27794448979256
1318,-2.78700174048454,1.16245253945663
1319,-0.71753636634979,2.63391159179137
1320,-0.786279832588729,0.470220533182769
1321,-2.77505404992102,2.02746621932467
1322,-0.338889681541827,1.81394470626141
1323,-2.57800673114549,0.650843385384111
1324,-2.02792512342576,2.77138188956848
1325,-0.411015822939308,0.952889530699925
1326,-2.80777810788505,1.49319498147939
1327,-0.471937524758028,2.33670389972317
1328,-1.58637563597533,0.334931230065357
1329,-2.66205679752944,2.34562831421662
1330,-0.338361056463878,1.4830798422523
1331,-2.72610342615262,0.964373737136735
1332,-1.10005397984454,2.75906592985685
1333,-0.586945280362601,0.64660761111162
1334,-2.78871145935458,1.82302748221613
1335,-0.380863696198126,2.01487539044897
1336,-2.34285501335499,0.489171559009446
1337,-2.38039774957647,2.6300463478232
1338,-0.379141724983435,1.1555516555736
1339,-2.780323089597,1.29052140723451
1340,-0.621361959868851,2.5164655549023
1341,-1.04817712859639,0.405311110986754
1342,-2.72074481753076,2.14655040601731
1343,-0.353296631518437,1.6866873627411
1344,-2.62646286973697,0.774882818409297
1345,-1.66794246395501,2.78689122356827
1346,-0.484889682121845,0.838674013606917
1347,-2.7860687370452,1.61920272190071
1348,-0.449438943438402,2.21004205485279
1349,-1.92663881848389,0.382288625478077
1350,-2.55766639644436,2.4521806595071
1351,-0.367977455998552,1.35880183080435
1352,-2.73292615980584,1.09187089570764
1353,-0.885496396849018,2.66718509341698
1354,-0.741141036482961,0.553122470956836
1355,-2.74951032269877,1.94495043056526
1356,-0.384767130938111,1.88748358518368
1357,-2.45783800663849,0.601899340818199
1358,-2.14695769216904,2.69961004495681
1359,-0.431053887940563,1.03690084902994
1360,-2.76798466988978,1.41720405858002
1361,-0.561603677147909,2.39497992672741
1362,-1.37507017696808,0.378730156689863
1363,-2.65069297291943,2.26045828235005
1364,-0.373309640995077,1.56120540179761
1365,-2.65589008651752,0.90000863726727
1366,-1.32785412521631,2.75419846484624
1367,-0.582474803361545,0.732060783376637
1368,-2.7580395983647,1.74297704083453
1369,-0.438134201865595,2.08357815078879
1370,-2.16477328705429,0.463741814388055
1371,-2.41641061409193,2.54674510667846
1372,-0.405423878966276,1.237365896075
1373,-2.73210314378257,1.21848869788674
1374,-0.750746048173882,2.56013049741426
1375,-0.950742583836872,0.479820118732097
1376,-2.69990931354717,2.06315377134902
1377,-0.394837128899893,1.76143943672856
1378,-2.53006821370459,0.720291628592138
1379,-1.8514030906048,2.73536704990392
1380,-0.497566645483198,0.923322895167457
1381,-2.7497978078159,1.54211694089644
1382,-0.524444363131382,2.27169393560744
1383,-1.70589862112278,0.397614851006411
1384,-2.55916874748621,2.36706679024583
1385,-0.399676839010605,1.43796470631567
1386,-2.67219072057517,1.02525910990959
1387,-1.0712542942405,2.68413975683523
1388,-0.71262107660748,0.636641407517294
1389,-2.7223644673011,1.86390463099872
1390,-0.435545759036156,1.95784727898451
1391,-2.31947414817137,0.564120800020272
1392,-2.22690700369322,2.62307100277901
1393,-0.452784312787521,1.11962780931356
1394,-2.72451833375807,1.34382018679118
1395,-0.664996388563431,2.44544429231102
1396,-1.21780584832739,0.436493914812908
1397,-2.63669528481257,2.17637730381486
1398,-0.411057061246982,1.63714610380671
1399,-2.57578036954109,0.841385587251122
1400,-1.53610540437922,2.72904822391648
1401,-0.583647806916005,0.816779596535947
1402,-2.7251750821544,1.6647886838815
1403,-0.502601815721136,2.14786632483656
1404,-1.97461370257543,0.455710753443552
1405,-2.43865989228055,2.4631542053104
1406,-0.433556148174546,1.31757122902301
1407,-2.67854699190331,1.14997211879927
1408,-0.897410978021951,2.59142466866466
1409,-0.885050236402312,0.557858777760515
1410,-2.67718825927694,1.98115588592808
1411,-0.440411183811101,1.83331422563762
1412,-2.41955559480301,0.674423529130607
1413,-1.98516809207407,2.67263562713073
1414,-0.512903839951058,1.00678558168673
1415,-2.71041783978201,1.46743552612525
1416,-0.609927199719887,2.32694521306317
1417,-1.51398160888674,0.431665301913076
1418,-2.55554043992799,2.28279847065771
1419,-0.433844295985997,1.51508453654125
1420,-2.60373402194371,0.963548784900629
1421,-1.2619802239624,2.68303985870303
1422,-0.69571667906035,0.720182981415672
1423,-2.6931243441564,1.78461756024119
1424,-0.492097960477484,2.02432218354957
1425,-2.16569808121775,0.539864294407172
1426,-2.2808544428798,2.54393722746102
1427,-0.476591205533352,1.20083231147779
1428,-2.67665257194778,1.27360798703563
1429,-0.782549309378512,2.48622940531066
1430,-1.10454143746761,0.503146692365318
1431,-2.61998998620837,2.09358734945558
1432,-0.452227534198128,1.71044416705006
1433,-2.48472301498346,0.789874607645467
1434,-1.70958595389589,2.6871761433257
1435,-0.589567329527043,0.90054114156516
1436,-2.68956608772957,1.58883925099629
1437,-0.575284106582057,2.20672241377647
1438,-1.78730794458264,0.465877656938745
1439,-2.45092755645588,2.37976660783439
1440,-0.464025305367517,1.39585579806105
1441,-2.61878473642872,1.08575096973296
1442,-1.05658055851103,2.60817582752469
1443,-0.840895438226052,0.637772894706813
1444,-2.65219980409128,1.9008145218361
1445,-0.490753113836513,1.90169662559721
1446,-2.29529780794386,0.639210316499702
1447,-2.08080995223659,2.60290410794189
1448,-0.531014658610186,1.08884386217364
1449,-2.66729739125911,1.39565570803584
1450,-0.706664342473737,2.37432556591143
1451,-1.35952121570897,0.480247534506187
1452,-2.54744984308959,2.19960178514856
1453,-0.471034533583159,1.58975299354579
1454,-2.526622928231,0.907845275491196
1455,-1.44217783221411,2.66413401645269
1456,-0.687540191426232,0.803323131756885
1457,-2.66130447224551,1.70742689235151
1458,-0.555274077572299,2.0860591636397
1459,-2.00332313105829,0.53095940956584
1460,-2.3167375892269,2.46349337298991
1461,-0.502858262956366,1.28023475251647
1462,-2.62365195088617,1.20723731914402
1463,-0.912874205724644,2.51539971890728
1464,-1.02395734070325,0.575284134894733
1465,-2.60042814087678,2.01232467750379
1466,-0.497458110973161,1.78055903380673
1467,-2.38232917549966,0.747030684373519
1468,-1.84554706640939,2.63294063423929
1469,-0.599744067847183,0.983112239780185
1470,-2.65065376873539,1.51557193779227
1471,-0.656978052771953,2.25895426498554
1472,-1.61723853195863,0.492972618771847
1473,-2.45543490257504,2.29696014553795
1474,-0.497318592624441,1.47185324457343
1475,-2.55200851678409,1.02674733509426
1476,-1.21963998752504,2.6090543250165
1477,-0.81209412201648,0.718541961843087
1478,-2.6245551732885,1.82243345239839
1479,-0.546589673669337,1.96585800929663
1480,-2.15987345795285,0.616511653733558
1481,-2.14853004990752,2.52889811717489
1482,-0.552080590598045,1.16924146031513
1483,-2.61979720984556,1.32736528161226
1484,-0.814530045377358,2.41222108005325
1485,-1.2408627563754,0.539183617578404
1486,-2.53524312936663,2.11772041461098
1487,-0.511810595258187,1.66148849464625
1488,-2.44025992439741,0.859422330210576
1489,-1.5999727704791,2.62955635987417
1490,-0.686375358895497,0.885713948140652
1491,-2.62641377380016,1.63273071534509
1492,-0.625809834680625,2.14206162600011
1493,-1.84223057359473,0.538106816122767
1494,-2.33939186163733,2.38257046646921
1495,-0.531981813861565,1.3575046512933
1496,-2.56481189361484,1.14549909530713
1497,-1.0521032264064,2.53126680430243
1498,-0.967268213564172,0.650726716497952
1499,-2.57779791690196,1.93286773830027
1500,-0.547384717294404,1.84685182310853
1501,-2.26936888902735,0.714489295332076
1502,-1.94842780601025,2.57013333909444
1503,-0.613948555575584,1.06423559159926
1504,-2.60787217107875,1.44551034685085
1505,-0.748007580309126,2.30321711735114
1506,-1.47296388164573,0.534241293762384
1507,-2.45350894119769,2.21506492871523
1508,-0.533932009313131,1.54513052372253
1509,-2.47759177469163,0.97403167609339
1510,-1.37621262892332,2.59406297543821
1511,-0.794849810925421,0.799471119695762
1512,-2.59384870436524,1.74637261756966
1513,-0.608585465265173,2.02494246021495
1514,-2.01842024358336,0.607741545402702
1515,-2.19569949306836,2.45236996674001
1516,-0.576342130282638,1.24767538944885
1517,-2.56729271905538,1.26325787008061
1518,-0.931992300635939,2.43902424093682
1519,-1.15214647945813,0.605155525285057
1520,-2.51905272169845,2.03742825716063
1521,-0.556738521606228,1.72972171689991
1522,-2.34467702744239,0.819678533859476
1523,-1.73027138484356,2.58241010730693
1524,-0.691200177889144,0.967033783593093
1525,-2.58795129014416,1.56100043647506
1526,-0.70417800030338,2.19118883521506
1527,-1.69242512431056,0.560596917600766
1528,-2.35180866474084,2.30176576440536
1529,-0.564377949653165,1.43224963181138
1530,-2.4995304106042,1.08931577616941
1531,-1.19399580150223,2.53279007777031
1532,-0.928381846230059,0.728051070461421
1533,-2.55183150581592,1.85554664481506
1534,-0.602609657073186,1.90857088160083
1535,-2.14822186049319,0.69376938766715
1536,-2.02453586723345,2.5015917962848
1537,-0.632130623698705,1.1436177430269
1538,-2.56065976749376,1.37927322036156
1539,-0.847899153896093,2.3380833637879
1540,-1.35648865540102,0.586477682366516
1541,-2.44592869585671,2.13440162127828
1542,-0.574370358678055,1.61517429748627
1543,-2.39526725776054,0.928807636137439
1544,-1.51745560182305,2.56454943430369
1545,-0.786800272341629,0.880032345060938
1546,-2.55965349417473,1.67306004202235
1547,-0.677251994865046,2.07796107354589
1548,-1.87796454859954,0.613486712788199
1549,-2.22731017207,2.37449205437255
1550,-0.604093218355832,1.32378557111898
1551,-2.50921812066497,1.20414584969591
1552,-1.05579201316067,2.45337311339169
1553,-1.08722364864407,0.675767932786641
1554,-2.4988577759989,1.959041345967
1555,-0.606368676685947,1.79378089868987
1556,-2.24087030417433,0.790037593333121
1557,-1.83348984658704,2.52581463798093
1558,-0.701432435711331,1.04695670510458
1559,-2.54541078578939,1.49279502680818
1560,-0.790383005799747,2.23218619197488
1561,-1.56102179757481,0.596569361605782
1562,-2.35585346365418,2.22155935344045
1563,-0.600483991953041,1.50400256802041
1564,-2.42741969612379,1.03974044251975
1565,-1.33117447075506,2.51988512628325
1566,-0.903228682263905,0.806275101170624
1567,-2.52220999721095,1.78075455096002
1568,-0.663644312798861,1.96484129349135
1569,-2.02298470262884,0.686005168640215
1570,-2.07953161115608,2.42932711417475
1571,-0.654373488866059,1.2209169200899
1572,-2.50848635409164,1.31758871142852
1573,-0.955068142228492,2.36217392095399
1574,-1.26571684475975,0.646772958171872
1575,-2.43311425876245,2.05530688721775
1576,-0.619137417398927,1.68137617052472
1577,-2.30535336866109,0.892363541433422
1578,-1.63825088868248,2.52273054928164
1579,-0.786476821901529,0.959777115743289
1580,-2.52152306826905,1.6030056448718
1581,-0.752815138150471,2.12380159981679
1582,-1.74574629682891,0.633321621472074
1583,-2.24666835102115,2.29610304124814
1584,-0.635676453311419,1.39714237360291
1585,-2.4451382957152,1.15096728185483
1586,-1.18112145359019,2.45442671644011
1587,-1.04106708377442,0.749331663012489
1588,-2.47451943707152,1.88293055853012
1589,-0.661199462344959,1.85287851664834
1590,-2.1310518793726,0.771786906137994
1591,-1.91273718431909,2.46240264216979
1592,-0.716787888267749,1.12513033112673
1593,-2.49829652244037,1.42877612233116
1594,-0.883725323478019,2.26375455812496
1595,-1.45115817226384,0.643610351670842
1596,-2.35267398643453,2.14238113095979
1597,-0.640753304385012,1.57220682517042
1598,-2.34845807591082,0.997936200243693
1599,-1.45700011715042,2.49345278021251
1600,-0.889131176063702,0.884667326664352
1601,-2.48856864186735,1.70896128251929
1602,-0.730821686510079,2.01466283569999
1603,-1.8989683856092,0.691692403872305
1604,-2.11777509990076,2.35476509543821
1605,-0.68086629777773,1.29572952026549
1606,-2.45089988359185,1.26130609691135
1607,-1.06667505836227,2.37434368306251
1608,-1.19705148218762,0.71279215625504
1609,-2.41523404856346,1.97815357241115
1610,-0.668713390359103,1.74301750957228
1611,-2.20898135274886,0.865980805646998
1612,-1.73721131418695,2.47107589792577
1613,-0.792994948202329,1.03828360103097
1614,-2.47900058628843,1.53681691370559
1615,-0.835047846751157,2.16126218115934
1616,-1.62743788141136,0.665940775037864
1617,-2.25593332567561,2.21785548860969
1618,-0.671476803055183,1.4672317253706
1619,-2.37485198532686,1.10478157246427
1620,-1.30243625267328,2.44206554548953
1621,-1.00995771985502,0.824632815003122
1622,-2.44580262565245,1.80953615877312
1623,-0.721618920730714,1.90610198970119
1624,-2.01864029387329,0.765879215589058
1625,-1.97172484902601,2.39421868424916
1626,-0.737198614475008,1.20115665984923
1627,-2.44615346555555,1.36972294344385
1628,-0.98260624204469,2.28466367052756
1629,-1.36281931310442,0.699304962017854
1630,-2.34293563533437,2.0646537918342
1631,-0.685641473248753,1.63619973605413
1632,-2.26316534430851,0.965127454986018
1633,-1.56699030866813,2.45510872231876
1634,-0.884359228734855,0.962631796975626
1635,-2.45050472296083,1.64072956593466
1636,-0.804178549771945,2.05692228947431
1637,-1.78165244427351,0.710569062489215
1638,-2.14239865018862,2.2789513555331
1639,-0.711886377580555,1.3675743093143
1640,-2.38759711544419,1.21140171710674
1641,-1.17882216348086,2.37387682409679
1642,-1.14690925315728,0.782757322702242
1643,-2.39226724844851,1.90336962446755
1644,-0.723516162694773,1.79925521198341
1645,-2.10823081284631,0.850801773152918
1646,-1.81537320208893,2.4118693781715
1647,-0.805874625083835,1.11512038363139
1648,-2.43163794346197,1.47521617824472
1649,-0.923097777266395,2.18911617305206
1650,-1.52626142009095,0.709522206647646
1651,-2.25647693746184,2.14030666362816
1652,-0.711911579765755,1.53343745462203
1653,-2.29852157026669,1.06674765703534
1654,-1.41460787067134,2.41691168222417
1655,-0.991286275374253,0.900757809617587
1656,-2.41239102900713,1.73938509522705
1657,-0.787821715501302,1.95241213121556
1658,-1.90786566971771,0.772759559262625
1659,-2.01376504529474,2.32280548825651
1660,-0.762765156160349,1.27457277311111
1661,-2.38861533884728,1.31654533160731
1662,-1.08448068826225,2.29389680946964
1663,-1.29430101837051,0.761545700745198
1664,-2.32695880016288,1.98882468322148
1665,-0.735581225899496,1.69519470896213
1666,-2.17275744863891,0.942519105587811
1667,-1.65912136410912,2.40678102774644
1668,-0.88784327713355,1.03963518770149
1669,-2.4075903147039,1.57673421824182
1670,-0.883318614757976,2.09042602628098
1671,-1.6755780093808,0.741698159651918
1672,-2.15555152167535,2.20269731714642
1673,-0.747785983368339,1.43587337385484
1674,-2.31851824963922,1.16897507233033
1675,-1.2871276425019,2.36061785158361
1676,-1.11232260438471,0.855327642122117
1677,-2.36404045527098,1.83145832319386
1678,-0.783843432865737,1.84911042793396
1679,-2.00606400751726,0.847682036340146
1680,-1.87481361112569,2.3470213997001
1681,-0.82493561918564,1.18981729456067
1682,-2.37902749685017,1.41905896829036
1683,-1.01536798876508,2.20620710455353
1684,-1.44319730544744,0.762118729691362
1685,-2.24911020201027,2.0639784101935
1686,-0.757414379789446,1.59502045240132
1687,-2.21680959725467,1.03807992796281
1688,-1.51384300975411,2.38015453887264
1689,-0.983306264419102,0.976972754496289
1690,-2.37389943365046,1.67311208961593
1691,-0.859704838335401,1.99065346668995
1692,-1.80306681201558,0.792293043286766
1693,-2.04145197946456,2.24933399871837
1694,-0.793728637734618,1.34482913492886
1695,-2.32547236182076,1.27029269446905
1696,-1.18605042681247,2.29078924086672
1697,-1.24338079819093,0.828622263461633
1698,-2.30479802385538,1.91539365547998
1699,-0.790943520710407,1.74826255265799
1700,-2.07921142093679,0.931191408624095
1701,-1.73325095590539,2.35036711953807
1702,-0.89899717770338,1.11515624523561
1703,-2.35939216016435,1.51778478905523
1704,-0.967286201072623,2.11395537642298
1705,-1.58371633987067,0.783709690874964
1706,-2.15862672426937,2.12667976755026
1707,-0.788980249477749,1.49992863744336
1708,-2.24395739536448,1.13523140502765
1709,-1.38748150778634,2.33497438455024
1710,-1.0910726652435,0.929472884951944
1711,-2.33024852226897,1.7630220132714
1712,-0.849795725612503,1.89146244747463
1713,-1.9060057905901,0.857075039624044
1714,-1.91773604023657,2.27805046070205
1715,-0.850238760272413,1.2618377170862
1716,-2.3208484447267,1.36935290760373
1717,-1.10952401114684,2.21155763035049
1718,-1.37776812201473,0.821932497303539
1719,-2.2342196958203,1.9894012716793
1720,-0.808410991002011,1.65109398976407
1721,-2.13098284780771,1.01998306397734
1722,-1.59798571365308,2.33327133629189
1723,-0.984937482016846,1.0526408213201
1724,-2.32988592787429,1.61148596960302
1725,-0.936756237734842,2.01957890970236
1726,-1.70796925259289,0.823833786672032
1727,-2.05664133204785,2.174719399199
1728,-0.830455821836226,1.41126319446456
1729,-2.25675592093516,1.2321569970698
1730,-1.28369199843684,2.27510698872307
1731,-1.20798664559524,0.899193346599607
1732,-2.27628382297504,1.84494165900394
1733,-0.851983838299459,1.79431232955055
1734,-1.98517339798635,0.931995867284111
1735,-1.79027058369232,2.28753264860157
1736,-0.917615775641596,1.18864579988252
1737,-2.30550015189459,1.4648526603309
1738,-1.05449776340887,2.12633841322334
1739,-1.50747945895437,0.835087884828432
1740,-2.15242371047121,2.0515102212184
1741,-0.835934650410262,1.55889206832557
1742,-2.1646676814976,1.11145046280159
1743,-1.4766526484654,2.29778281670473
1744,-1.08164904591165,1.00437078584494
1745,-2.29046418866997,1.69879193441191
1746,-0.921186822520101,1.92504870485125
1747,-1.81164452293966,0.879001282021871
1748,-1.94600761961622,2.20613795297309
1749,-0.882058805204935,1.3305480365341
1750,-2.25692707821435,1.32727741487024
1751,-1.20267547581647,2.20445831077454
1752,-1.32884714216819,0.887448882141303
1753,-2.2118408982045,1.91715224941512
1754,-0.865286730776726,1.70059358050821
1755,-2.0429321564539,1.01357884087798
1756,-1.66625313815236,2.27775636376439
1757,-0.995637599172725,1.12716301872809
1758,-2.27986459234695,1.55544378046486
1759,-1.01796486742342,2.037885605573
1760,-1.62525278937415,0.866411458518713
1761,-2.06051634610621,2.09970983165034
1762,-0.873434816059574,1.47306512988695
1763,-2.18282878061168,1.20347060367037
1764,-1.37397725922209,2.24702222790399
1765,-1.18650257043493,0.972220018280038
1766,-2.24103616549634,1.77816440283176
1767,-0.918777093503521,1.83207031725062
1768,-1.89369345510266,0.945493284599051
1769,-1.83139487654146,2.21963225430051
1770,-0.943827617652389,1.25948954942303
1771,-2.24556336314145,1.41910525683967
1772,-1.14278145372577,2.12651711497735
1773,-1.44715847328696,0.894409848465628
1774,-2.13724295176314,1.97778661932383
1775,-0.889152903670333,1.6117259908284
1776,-2.08192592311085,1.09894973424426
1777,-1.55251713883649,2.25008639952202
1778,-1.08318099351634,1.07933157565879
1779,-2.24413625362261,1.63966825422152
1780,-0.997458811307962,1.94846710803248
1781,-1.72614470298105,0.913130975335672
1782,-1.96096382906028,2.13219628089548
1783,-0.920884854322567,1.39517948572003
1784,-2.18730375283653,1.29420768209045
1785,-1.29170683186545,2.18449121656449
1786,-1.29524932213487,0.957476189551714
1787,-2.18168057262118,1.84789309711669
1788,-0.92834878728027,1.74223696858689
1789,-1.95506736632977,1.01985471235207
1790,-1.71870229750906,2.21492068829238
1791,-1.01534142621241,1.19993185153348
1792,-2.22331538623708,1.5061379476048
1793,-1.10179175201154,2.044246647307
1794,-1.55652627344244,0.91897195581879
1795,-2.05364362509968,2.02494964876855
1796,-0.92328487195274,1.52923011856823
1797,-2.10445718374862,1.18570749931512
1798,-1.45407725050155,2.20697436478968
1799,-1.17789453315011,1.04690319669472
1800,-2.19844838691643,1.71591680761628
1801,-0.991153361124919,1.86005014310977
1802,-1.80785796656572,0.971979141039717
1803,-1.85768617153931,2.14769417967283
1804,-0.978098488794108,1.32696696876489
1805,-2.17932619667914,1.38195473770189
1806,-1.22954705696996,2.11357107008433
1807,-1.40248731216495,0.960509575521635
1808,-2.11291125226435,1.90613612806247
1809,-0.949172289143196,1.65714551227553
1810,-1.99751632520925,1.09906669610124
1811,-1.61390530635605,2.19288866466859
1812,-1.09540669688005,1.15374603822905
1813,-2.19056832871514,1.58677833072137
1814,-1.07763198383424,1.96016494722648
1815,-1.65196486170339,0.958974665321699
1816,-1.96331758765505,2.05692063028711
1817,-0.967456002595778,1.4547748958561
1818,-2.11228780528127,1.27175554616351
1819,-1.37364607816137,2.15144611134528
1820,-1.27611127892816,1.03115102906131
1821,-2.1430834960476,1.78241622714134
1822,-0.99779680028368,1.77446198021577
1823,-1.87009108735403,1.03968212761607
1824,-1.75567863748209,2.14575562086246
1825,-1.0444753737524,1.27029052438645
1826,-2.15967842747785,1.46500891189291
1827,-1.18623859429916,2.03730210696962
1828,-1.50262071171301,0.980623579255382
1829,-2.03596730419771,1.95102041524039
1830,-0.980795141641994,1.57848520663683
1831,-2.02282854220138,1.18051444264657
1832,-1.52190053114685,2.15543216794828
1833,-1.18179594257455,1.12264718201062
1834,-2.14762483516668,1.65927870325852
1835,-1.06866163305591,1.87649228083497
1836,-1.73045794523583,1.01163488252907
1837,-1.86974080297166,2.07241118561379
1838,-1.02130230707953,1.39019797340677
1839,-2.10664271467161,1.35514155254748
1840,-1.31205188027001,2.08663989084027
1841,-1.37316195379585,1.03260136061621
1842,-2.07871865865087,1.83725525086145
1843,-1.01658854956677,1.69352328912448
1844,-1.91360626652409,1.11321254002199
1845,-1.66020781679959,2.12690522596235
1846,-1.11872963456783,1.22705608632229
1847,-2.12885222136245,1.5415715633739
1848,-1.16033089176076,1.95837158309291
1849,-1.5908691400748,1.0161679694776
1850,-1.95305084484949,1.98080473211043
1851,-1.02286282317126,1.50810495142928
1852,-2.03246228706707,1.26186399830992
1853,-1.44592380377215,2.10509064628813
1854,-1.2711738333725,1.10796571551831
1855,-2.09490955492178,1.72170915211066
1856,-1.07373685962737,1.79530820346586
1857,-1.79071657036433,1.07397544147667
1858,-1.77732744489443,2.07080239117793
1859,-1.08408550529567,1.33749241137039
1860,-2.08829511200743,1.43391547922765
1861,-1.26902629092402,2.01553457837448
1862,-1.46405344676473,1.05090073378379
1863,-2.00668137657008,1.87845638703183
1864,-1.04703691553983,1.61916152251049
1865,-1.93946945422358,1.18983996181317
1866,-1.575936650384,2.09255312997801
1867,-1.19867119241717,1.19907283597102
1868,-2.08721868212758,1.60966559897559
1869,-1.15061450632926,1.87921143399215
1870,-1.66383211555331,1.06485438841552
1871,-1.86739565508363,1.9940764356204
1872,-1.0749215807266,1.44806183191467
1873,-2.02741308873605,1.34091036989145
1874,-1.38767143776452,2.04465156374316
1875,-1.35932044497738,1.11044525612903
1876,-2.03319604299877,1.77195157091494
1877,-1.09217409508788,1.71870263519968
1878,-1.83251914202593,1.14310665235185
1879,-1.69085447583854,2.05225587109659
1880,-1.15445217308871,1.29875871892499
1881,-2.05767891443197,1.50599919616198
1882,-1.24393617767642,1.94086616717537
1883,-1.54422112545688,1.08489460880628
1884,-1.92915137674316,1.90408433909031
1885,-1.08880858670273,1.55351530973474
1886,-1.94856360982093,1.2670592853429
1887,-1.50640498409929,2.04471228237786
1888,-1.28114181937955,1.18789682885413
1889,-2.03520968709704,1.66706111696158
1890,-1.15632987373136,1.802143190736
1891,-1.71943743668184,1.12412718276856
1892,-1.78307674157083,1.98990824739187
1893,-1.13620802456907,1.40065795314357
1894,-2.00818568607251,1.41541638241418
1895,-1.3478627745421,1.97686054923206
1896,-1.441619333344,1.13016931047964
1897,-1.96382835286764,1.80770956333724
1898,-1.12368622775993,1.64892845111992
1899,-1.85600496639426,1.21634123058584
1900,-1.61482330421236,2.01761948978018
1901,-1.23025112982697,1.27614460244058
1902,-2.01500072688176,1.56905040629455
1903,-1.23632621756855,1.86517080493499
1904,-1.60998089185919,1.13290464257241
1905,-1.84921745721182,1.91234215376784
1906,-1.14158152687578,1.49904977017641
1907,-1.94128813308142,1.34245598646105
1908,-1.4540614690508,1.98563088809002
1909,-1.36217906958885,1.19474399126287
1910,-1.97349426014167,1.71118672135739
1911,-1.17728859157093,1.7295498450305
1912,-1.7564310094746,1.19147430736401
1913,-1.70459888190437,1.96786176572613
1914,-1.20546262174217,1.36849631401049
1915,-1.97477286710099,1.4829304184325
1916,-1.32694795301071,1.90426466907497
1917,-1.51358523080163,1.16671331479182
1918,-1.88887075966634,1.82648501318601
1919,-1.168349917337,1.58858549958015
1920,-1.86104986297229,1.29119198945204
1921,-1.5530997405667,1.96810589115116
1922,-1.30849580223078,1.27185386971258
1923,-1.96030874935472,1.62027918358551
1924,-1.24635406014595,1.79089830506264
1925,-1.65845999387899,1.19314266960177
1926,-1.77072820218415,1.90153171802245
1927,-1.20494875832389,1.45873789577647
1928,-1.91728098745495,1.41352773135035
1929,-1.4207909184899,1.91741483751001
1930,-1.43736111552835,1.22062897877203
1931,-1.90308273586391,1.73894986969553
1932,-1.21406109824884,1.6640960945406
1933,-1.77359839802161,1.26467005498925
1934,-1.63648285591345,1.92768544188617
1935,-1.28085970797701,1.35466754746724
1936,-1.92651091696796,1.54052783542347
1937,-1.32589631215472,1.82912891972576
1938,-1.57109512024477,1.21962239394677
1939,-1.81108159423448,1.82535704211951
1940,-1.22672901098531,1.54092427564689
1941,-1.84658077703967,1.36532140516198
1942,-1.50910415651164,1.90470428952132
1943,-1.38553835336763,1.28845481474644
1944,-1.89337839467544,1.65608683526842
1945,-1.27538637373863,1.72056790464404
1946,-1.6869256654924,1.264294931336
1947,-1.69798672223488,1.86958455449191
1948,-1.27854269056072,1.43649904955662
1949,-1.87484999244444,1.47742968639281
1950,-1.4089329562052,1.84154621193178
1951,-1.50210313686135,1.26706274062519
1952,-1.82515749897619,1.74618594573884
1953,-1.26857361400188,1.6091008962887
1954,-1.76857735901596,1.34210950138717
1955,-1.58322810187052,1.868366038427
1956,-1.36026492420113,1.36347431474256
1957,-1.86141744833068,1.58427989875127
1958,-1.34747242186446,1.7532547694428
1959,-1.60991537176852,1.28956702298059
1960,-1.73355019005708,1.79998906908501
1961,-1.30063036731051,1.51059871717368
1962,-1.80917025082522,1.43656053459283
1963,-1.48692201417668,1.82690628761576
1964,-1.45747226550922,1.33026751742305
1965,-1.81282989345234,1.67099599785197
1966,-1.32764470143407,1.65695814081157
1967,-1.69104149957018,1.34683084813418
1968,-1.63550970965838,1.81214291834727
1969,-1.36308513675391,1.43873332234316
1970,-1.80894907594778,1.53047328476679
1971,-1.42364897018356,1.75759037700114
1972,-1.55140126887126,1.33862690717152
1973,-1.73982368583992,1.72542949501085
1974,-1.3466682786305,1.56953081508148
1975,-1.7347358958736,1.42404889337179
1976,-1.55047472260951,1.78479157961714
1977,-1.44265647169899,1.40370984602466
1978,-1.77289226107979,1.60746481602593
1979,-1.40046889230429,1.67687112020262
1980,-1.62318914981425,1.38257420069959
1981,-1.65827397526673,1.73975577191886
1982,-1.39742989039576,1.50677197187983
1983,-1.73704821840979,1.50368683171009
1984,-1.49576576794416,1.72734306121277
1985,-1.52113133444795,1.41068962582921
1986,-1.71034060897843,1.65228351240757
1987,-1.41906051841584,1.60311477001816
1988,-1.65731385550318,1.44995467784031
1989,-1.58830586587709,1.71129151160661
1990,-1.46834067727022,1.48381678755715
1991,-1.69732408521581,1.56629756592265
1992,-1.4861878881727,1.65374951379344
1993,-1.57650642735808,1.46131774717034
1994,-1.63459819187856,1.64793747836362
1995,-1.48216544106431,1.55837389699979
1996,-1.63470357297374,1.52692729664269
1997,-1.55654000273155,1.63244331486718
1998,-1.54876453873802,1.53185817170605
1999,-1.5707963267949,1.5707963267949
