index,volume
3332,26.97507268190384
2817,25.041182339191437
2277,28.108849942684174
2021,21.92388415336609
2829,29.20779412984848
77,23.205767452716827
1517,27.16311889886856
3249,23.38883751630783
654,22.450308799743652
1422,22.973983466625214
2407,25.652463495731354
2699,41.321060955524445
293,33.563368797302246
2575,20.15158784389496
193,18.044841647148132
580,25.007920682430267
849,31.620835661888123
1319,23.051244795322418
554,28.415014326572418
605,20.99203395843506
2778,25.175931334495544
807,22.220750987529755
833,17.40933448076248
1213,28.021898210048676
2333,41.86673545837402
611,18.70994383096695
3318,29.077497482299805
2676,30.883841156959534
1032,37.373530864715576
3222,30.145799040794373
2611,31.83913165330887
1134,20.117016673088074
1219,20.271801233291626
2208,29.290162563323975
2356,32.46612697839737
1564,31.740787148475647
2992,22.327476382255554
337,35.83249473571777
2169,28.15036153793335
378,17.959592282772064
2596,39.62982356548309
1113,43.79316157102585
3012,21.504315853118896
1454,22.7412828207016
297,18.121972024440765
3000,22.799163341522217
422,23.13335132598877
3023,25.18850266933441
3167,26.29792296886444
726,21.67193365097046
966,31.010340213775635
424,20.28253924846649
3105,26.892049491405487
11,22.982626259326935
1599,22.28622668981552
1780,27.018417596817017
2693,23.918535947799683
1267,47.18152916431427
2148,27.885184943675995
3043,28.232860922813416
417,17.490000545978546
110,16.943409383296967
2987,23.686621010303497
94,21.272008061408997
2201,36.00796961784363
1414,16.682947039604187
2473,32.5207337141037
3050,30.249381601810455
2313,19.923339545726776
2827,41.46825033426285
2695,30.84416288137436
2675,37.948276579380035
284,17.959068477153778
1297,45.97638338804245
2536,39.201219618320465
515,33.34350138902664
820,23.580419421195984
2646,21.956883907318115
2839,19.068488776683807
1290,18.10612690448761
2509,21.019009947776794
1903,30.031347513198853
2581,35.6313533782959
1882,34.66742008924484
2461,35.103226363658905
3208,29.407364070415497
3268,34.64764642715454
2552,25.275323450565338
3077,27.912422835826874
2499,32.290652096271515
533,28.5544775724411
1463,35.61760348081589
431,26.276970744132996
81,33.32084679603577
2189,34.06687694787979
914,33.19919294118881
1300,25.09526526927948
184,21.28012704849243
175,24.054594457149506
1937,34.672658145427704
376,37.304126620292664
1474,29.87237250804901
1721,19.58286589384079
2599,31.592681109905243
1578,36.71955955028534
1555,30.946304976940155
1733,36.25402730703354
2647,38.23113161325455
1565,40.57751888036728
526,32.56591194868088
1453,19.32764160633087
2164,35.60869878530502
614,18.864335536956787
44,35.10217875242233
1226,30.592605233192444
2203,31.53257441520691
1029,35.303974866867065
1481,30.50866538286209
2719,32.27205699682236
928,19.602901458740234
2042,40.544650077819824
3089,37.954300343990326
992,33.31338256597519
906,16.621530830860138
513,29.44848281145096
3165,23.122089505195618
2941,35.46308082342148
1515,32.42409157752991
1577,29.09242594242096
415,26.901870846748352
2872,24.058130145072937
1824,21.116568744182587
407,17.208716928958893
1014,11.825173735618591
262,23.164517760276794
199,19.40791481733322
1193,23.006328463554382
3100,29.520898938179016
2868,22.599200546741486
2262,34.73734813928604
2716,34.689027070999146
697,22.302857518196106
2239,26.92897778749466
71,23.021256923675537
3287,28.81323754787445
176,26.065746128559113
2623,14.811127662658691
1861,28.426014244556427
1690,16.24347412586212
1038,26.223149716854095
3242,34.826395094394684
1681,19.839268743991852
2889,24.24106925725937
2215,22.62106943130493
819,33.21412140130997
759,23.656371235847473
1389,22.60810524225235
2272,37.43023282289505
1866,39.11623215675354
2622,37.74215906858444
2408,34.41298151016235
1176,27.374605417251587
2669,31.216064870357513
2556,28.650203049182892
1914,39.50397926568985
345,23.660954535007477
884,25.575725972652435
1079,23.0301616191864
668,23.56457430124283
3291,31.957773625850677
2315,25.005825459957123
2793,26.920727849006653
2319,20.69582188129425
2180,31.166827142238617
2080,31.18424367904663
1371,15.780299007892609
1444,21.881586849689484
2310,28.003303110599518
566,16.591281056404114
241,44.132063806056976
3022,24.699268221855164
717,24.7980055809021
2191,27.470985651016235
827,39.94148790836334
1909,21.174580216407776
1699,26.192114233970642
1292,21.62924349308014
1581,22.02982383966446
2853,16.847552955150604
255,35.93463683128357
3081,27.339379489421844
3328,34.941894233226776
1215,29.54866063594818
10,31.75558465719223
1828,35.97981506586075
1205,25.530416786670685
2822,17.48869103193283
153,31.3233140707016
2426,22.52285587787628
3164,25.448441207408905
363,25.70693928003311
1874,34.58924210071564
551,24.68866115808487
2479,28.06340980529785
2379,32.149617433547974
1583,32.90939748287201
748,34.33729159832001
2427,25.714927315711975
3303,25.913711547851562
2563,44.26249140501022
763,11.798197746276855
1337,30.570343494415283
562,19.835994958877563
1922,18.942906379699707
3114,28.88748699426651
2247,33.11341977119446
886,36.07973098754883
2755,17.48685771226883
2566,30.33960711956024
898,13.82886117696762
1514,32.213783621788025
801,22.633116960525513
1199,32.01761841773987
3194,18.568778216838837
1732,25.059777438640594
1328,31.303147554397583
1907,32.495591044425964
1594,37.400768756866455
2910,29.58179134130478
769,39.48171752691269
2821,37.59667205810547
600,25.09107482433319
3230,32.436662912368774
1679,28.99512904882431
1724,23.79190593957901
1372,31.672954320907593
705,32.86762398481369
855,35.16149973869324
845,39.85257190465927
1423,28.1050523519516
2308,36.69978588819504
1108,25.60610669851303
2708,28.06930261850357
2101,32.83200520277023
892,32.540507376194
1105,28.880284667015076
133,25.933485209941864
1642,24.750863075256348
1352,22.9547336101532
3113,32.78198176622391
3353,18.82112157344818
775,26.502600014209747
2510,36.738809406757355
3219,21.739111721515656
1818,32.68285155296326
1272,36.076064348220825
1812,21.417887926101685
2458,31.801155745983124
1830,27.679460287094116
1167,26.109614849090576
7,25.118050813674927
2505,19.21148771047592
2751,28.391835927963257
3016,33.03236085176468
1850,23.794001162052155
3127,34.30154186487198
212,26.634075224399567
3293,35.812982976436615
2791,17.710391759872437
1304,37.333197832107544
719,28.322300732135773
2381,35.632662892341614
2658,27.655627131462097
1052,33.83208107948303
433,22.96599543094635
2750,20.384681344032288
1791,35.81114965677261
1590,36.500608801841736
2576,29.571184277534485
1735,24.199557662010193
1207,35.47748547792435
639,27.346188962459564
1145,40.46673399209976
3253,37.587898313999176
2598,30.351261794567108
2089,29.859932124614716
1689,34.98929864168167
1004,18.94827538728714
2157,28.068909764289856
18,18.703789114952087
336,24.41379415988922
1293,34.8152642250061
745,27.14007145166397
891,16.793077170848846
1744,26.760443329811096
3265,16.28786665201187
2093,35.747245371341705
50,21.535613238811493
1240,30.320226311683655
2283,32.468222200870514
1437,37.26091265678406
447,25.56511890888214
1988,21.388685762882233
1554,21.799480319023132
2144,23.60922873020172
1091,46.283333480358124
1738,17.935497224330902
1082,42.113709807395935
2143,25.77595067024231
1760,20.574822783470154
1099,13.41793566942215
3149,33.566642582416534
1840,14.839282214641571
3053,24.366258800029755
2743,27.707614839076996
2049,40.929909110069275
2401,23.734025418758392
1386,14.216739237308502
1216,32.253069043159485
143,23.57334804534912
628,20.8128924369812
3183,28.618119955062866
916,32.88386195898056
2783,30.072597205638885
2754,34.88898986577988
2454,23.234838664531708
1485,19.944553673267365
2437,25.485369503498077
3151,28.89102268218994
2589,31.00732833147049
1855,24.820398271083832
456,26.165662050247192
941,24.886397778987885
862,35.016143679618835
117,24.223914623260498
1657,33.97311574220657
1276,40.0345943570137
1647,12.221825540065765
720,25.672368109226227
2498,31.45740830898285
2668,17.351323008537292
2653,37.03921192884445
342,37.64289790391922
3018,28.84636825323105
876,18.386755764484406
141,27.381022036075592
3261,22.597367227077484
350,20.27638453245163
237,21.3285790681839
57,16.86942183971405
2659,28.41593098640442
1567,30.217691361904144
547,25.22516906261444
2097,25.394751131534576
2703,27.50974726676941
2078,34.83294266462326
1156,18.46585041284561
1750,26.247899532318115
205,28.974438726902008
1031,26.203245103359222
973,14.554986715316772
2266,28.578703582286835
304,26.090495944023132
1441,32.855314552783966
2875,17.1801695227623
2209,22.575236439704895
858,39.213921904563904
2302,40.67337530851364
1544,32.97434937953949
1682,20.212873101234436
1749,26.648348927497864
1285,35.030548334121704
1548,31.468277275562286
2956,26.665372610092163
1870,29.018569350242615
2831,23.705478012561798
826,19.856685280799866
919,35.725114583969116
2707,33.96067535877228
1007,38.04766869544983
2692,38.3017144203186
2291,30.844031929969788
540,23.077435076236725
2893,27.2673562169075
3330,22.445594549179077
2998,24.81437450647354
1034,16.973004400730133
2981,28.342729151248932
1364,49.247942328453064
532,25.38139408826828
3351,25.813795626163483
616,18.020353734493256
2130,20.795213997364044
1379,29.322769463062286
1727,30.934257447719574
402,17.928163945674896
2572,30.27282190322876
796,37.62325519323349
624,24.12242728471756
1688,28.755618929862976
427,22.6014267206192
2463,37.55241048336029
2624,28.224480032920837
2592,20.63781040906906
728,35.03277450799942
1951,33.12716966867447
1507,19.69548410177231
2263,32.6499827504158
498,19.245796978473663
812,29.004164695739746
2503,37.8325155377388
204,14.919817328453064
1071,27.1426904797554
264,30.235893607139587
19,18.7543363571167
1710,25.631118416786194
556,26.79933589696884
918,25.593797266483307
2167,19.96367257833481
3079,29.78175413608551
181,28.601096272468567
991,31.285600066184998
2228,24.700053930282593
3014,27.23226124048233
901,32.71074420213699
266,11.054393768310547
2527,22.87105566263199
1541,32.01093989610672
2690,23.148410737514496
3195,21.74723070859909
3356,27.14949995279312
2634,33.288370847702026
666,23.747120559215546
486,23.927964448928833
711,29.120842397212982
2221,19.573175489902496
693,19.64965111017227
2968,21.06143820285797
285,37.27217447757721
1917,26.57462328672409
851,35.778804659843445
2797,32.60179263353348
1923,39.368706464767456
330,20.591322660446167
2655,27.838173389434814
2776,39.6201331615448
506,28.740428566932678
2549,23.213362634181976
406,21.85749179124832
2494,36.72361904382706
1600,29.56385099887848
1021,9.99722307920456
2015,18.056758224964142
3278,24.009547173976898
190,27.663091361522675
1933,36.28427708148956
3141,18.62364685535431
2249,27.01946520805359
1608,27.707614839076996
2218,37.00568836927414
66,21.525791883468628
2406,33.95910394191742
2415,21.910919964313507
958,28.448930740356445
952,22.51251071691513
1000,18.765336275100708
329,17.435262858867645
1326,39.57744300365448
1785,29.0710808634758
1718,25.247692704200745
2629,18.319053888320923
1295,28.077290654182434
2314,33.5019525885582
993,30.708104372024536
2242,23.13086324930191
3199,16.567316949367523
254,25.434822261333466
388,38.17573916912079
665,22.33913105726242
3124,36.54473942518234
1797,33.30434691905975
2412,26.330791771411896
2135,30.556593596935272
2691,29.693100035190582
381,41.77847421169281
2964,17.977401673793793
2771,39.80988174676895
2409,36.57525110244751
1245,38.505998611450195
2235,27.340950906276703
2057,26.94796574115753
957,31.962618827819824
3232,29.165234923362732
2095,26.696277141571045
3277,20.203575551509857
2432,38.59452176094055
3106,31.487134277820587
1220,34.612944304943085
1576,37.01786684989929
874,28.54570382833481
2230,35.61027020215988
3098,33.159252762794495
197,26.356196343898773
1856,14.952162325382233
326,37.06828314065933
2545,23.98479735851288
646,27.466664254665375
2306,33.939985036849976
2516,27.83791148662567
830,20.124873757362366
93,29.72636169195175
718,25.272573471069336
1558,32.81629103422165
1526,24.1907839179039
3038,16.079784870147705
1270,36.78974950313568
522,20.505156636238098
3062,21.531684696674347
2522,41.189585745334625
1908,26.067448496818542
631,35.88264912366867
1649,38.91640031337738
2100,25.089634358882904
2577,27.652746200561523
1585,24.608649849891663
2866,21.521208584308624
1639,27.57810389995575
1296,37.621159970760345
986,24.448103427886963
899,16.121689319610596
980,29.622517228126526
2602,24.840433835983276
2320,30.590771913528442
384,18.886597275733948
810,20.730524003505707
751,38.87292444705963
302,18.456945717334747
2742,20.373288571834564
2922,19.380676925182343
1525,19.708972096443176
400,26.117864787578583
1340,39.392408668994904
2784,24.318723440170288
2891,23.67391872406006
1664,27.991779386997223
1815,27.899458646774292
1448,32.02861833572388
1545,21.63710057735443
2848,26.331315577030182
3213,23.434670507907867
1,24.950563967227936
1112,16.6824232339859
1410,32.2741522192955
2863,25.583190202713013
805,26.746431529521942
2173,35.294546365737915
2368,34.88178753852844
1771,27.65772235393524
2643,25.58973777294159
1471,19.046227037906647
2292,26.785062193870544
90,21.000152945518494
216,25.607547163963318
2151,25.260525941848755
1114,25.737843811511993
1927,24.131462931632996
1426,16.181403160095215
608,29.776385128498077
2023,21.442637741565704
1427,24.277342796325684
1896,25.285406708717346
1061,21.745135486125946
1619,37.7823611497879
956,29.606803059577942
1890,18.13703143596649
3322,28.903463065624237
825,30.84507954120636
2900,25.023765802383423
470,22.49797511100769
2586,30.599283754825592
1839,25.73326051235199
12,21.07414048910141
2906,26.922037363052368
3262,27.550473153591156
658,20.50175189971924
3003,31.3950754404068
2088,34.46077877283096
539,28.639595985412598
2108,21.121675848960876
2166,33.929770827293396
1184,25.361489474773407
2519,30.89706724882126
435,26.857085466384888
809,17.887961864471436
224,21.136211454868317
2542,24.351985096931458
603,23.314849972724915
2059,31.20310068130493
877,22.59370058774948
2326,28.385681211948395
3071,32.52610272169113
1620,31.534931540489197
1225,38.84149610996246
767,24.573031067848206
146,19.03365570306778
202,18.26667332649231
1758,19.515687823295593
2051,40.199593126773834
576,20.877058625221252
620,34.03688907623291
3076,35.256177604198456
2929,30.4479039311409
2933,21.38344770669937
403,28.439240336418152
3123,43.484640061855316
2864,16.89744544029236
439,22.524165391921997
1042,38.2943811416626
1479,27.624591648578644
3103,30.474618017673492
2188,17.293573439121246
2975,19.357105672359467
1331,20.924332082271576
261,23.943678617477417
88,27.05102449655533
2398,18.985203683376312
3142,29.27274602651596
1420,27.647770047187805
3002,28.203789710998535
1401,30.693568766117096
2286,25.456298291683197
574,22.067799746990204
1002,28.324788808822632
1995,39.74807268381119
1509,20.51903748512268
635,35.17813056707382
124,43.12308323383331
1965,28.019279181957245
588,16.620483219623566
505,18.286970794200897
1973,35.488485395908356
2764,31.798798620700836
482,30.310012102127075
2033,33.536785662174225
1090,18.551492631435394
3109,17.40841782093048
1834,39.30519503355026
1252,21.76071870326996
2945,24.075939536094666
1139,21.71999281644821
1591,24.107236921787262
1560,29.440494775772095
228,12.910891830921173
2966,22.60889095067978
495,28.98740291595459
701,27.16992837190628
591,27.62838923931122
1596,30.32402390241623
1144,16.55003136396408
87,22.73447334766388
1829,25.800438582897186
2149,24.127927243709564
2803,22.290155231952667
2332,22.526391565799713
2990,29.395316541194916
1302,37.252269864082336
344,40.10714143514633
2351,36.793547093868256
722,30.240215003490448
1959,23.471991658210754
1488,34.168888092041016
2358,15.827965319156647
995,12.863225519657135
852,39.131291568279266
3319,25.699736952781677
2919,28.17602801322937
2225,19.047536551952362
1658,17.992330133914948
2781,33.58222579956055
3315,28.48952567577362
1026,23.067220866680145
2373,20.314491391181946
2,19.191452145576477
2222,34.19547122716904
2805,32.38402044773102
1901,15.735644578933716
1883,37.19988930225372
1941,36.04044556617737
1884,23.96947604417801
2744,32.50907903909683
3314,26.31245857477188
2654,20.954189002513885
1074,39.217326641082764
1672,25.767831683158875
1867,23.544800639152527
2704,33.70270109176636
1946,32.202783703804016
1330,34.47610008716583
1656,19.62987744808197
1684,30.03697842359543
1706,29.3912570476532
2557,35.60778212547302
2539,21.69773107767105
169,18.879656851291656
1627,13.519292056560516
1881,38.82237720489502
1196,39.11479169130325
17,27.826256811618805
230,20.65483409166336
165,20.65404838323593
1980,14.093644917011261
2824,25.040789484977722
1781,33.195264399051666
2372,31.503765106201172
2982,20.70014327764511
1899,39.28515946865082
1011,20.919748783111572
1787,26.732943534851074
962,42.027412831783295
2301,21.73767125606537
1097,18.681396424770355
2495,21.034593164920807
2234,25.570356965065002
2386,25.620380401611328
107,21.620469748973846
2871,32.26092612743378
555,36.05969542264938
1143,22.97201919555664
265,35.753269135951996
1250,18.519933342933655
320,25.871283292770386
883,32.5262336730957
3245,33.75691497325897
932,46.6325808763504
3326,30.5394389629364
2404,23.035792529582977
2325,25.347608625888824
1929,33.778521955013275
1503,32.060963332653046
252,30.188620150089264
1430,32.26393800973892
102,34.23816138505936
2257,29.77140897512436
3177,23.77553701400757
1501,29.229663014411926
1148,29.321852803230286
559,28.295193791389465
3309,24.971909046173096
2274,32.70943468809128
1367,22.656295359134674
1950,33.72941517829895
3340,28.582108318805695
186,23.34784972667694
2217,38.49683201313019
1673,40.85421919822693
3026,28.035255253314972
225,14.831687033176422
1747,23.47670590877533
586,16.451163053512573
2297,11.006596505641937
1645,32.69345861673355
1813,32.00832086801529
409,16.954409301280975
1498,33.76018875837326
3033,29.753992438316345
1044,41.36427491903305
2723,26.14667409658432
1794,33.474452793598175
60,22.940852761268616
2993,23.337242662906647
1863,26.13370990753174
2888,19.2198686003685
243,14.876472413539886
2722,21.571624875068665
185,26.47287404537201
2490,27.720186173915863
1314,30.522415280342102
2129,34.330220222473145
1696,27.868161261081696
2496,35.15757119655609
3156,26.565456688404083
1622,24.29764026403427
2729,36.99010515213013
1234,16.446448802947998
1638,43.185547053813934
1418,23.554621994495392
2265,14.923483967781067
1878,25.60178530216217
949,26.365624845027924
290,30.191893935203552
840,26.23375678062439
3049,24.682899296283722
395,24.312568724155426
167,23.47762256860733
200,28.655572056770325
625,24.393365740776062
219,15.53528892993927
2856,44.652857542037964
1513,39.39607530832291
3270,33.48453605175018
2425,21.00159341096878
1745,24.395068109035492
924,26.013889372348785
1254,27.788673758506775
3323,35.92036312818527
2819,33.73714131116867
2168,22.415475726127625
979,22.32014310359955
2852,20.869463443756104
2711,31.063375532627106
2305,26.415910184383392
1177,22.16823947429657
1893,33.18989539146423
1261,43.86688721179962
2102,32.00059473514557
1753,20.3653005361557
856,35.617341578006744
3282,38.53271269798279
1695,18.91828751564026
2607,33.82514065504074
443,31.299742817878723
1406,24.567793011665344
2844,28.98661720752716
1191,22.484749019145966
2756,41.5494402050972
1852,41.0696342587471
2374,19.58378255367279
1767,21.81964683532715
1405,25.183002710342407
790,24.857326567173004
3343,23.915131211280823
3028,35.86536353826523
1584,33.293347001075745
543,26.661444067955017
2497,33.39090579748154
180,20.37734806537628
3162,25.236823737621307
1473,29.731861650943756
1009,35.28734403848648
1841,27.351427018642426
291,20.098290622234344
1491,37.586195945739746
1536,34.526647329330444
531,26.26780414581299
1522,25.58214259147644
89,22.32197642326355
2567,31.793298661708832
3146,25.91436630487442
2150,43.025786340236664
577,22.734211444854736
1593,30.742806494235992
1019,23.087911188602448
52,30.184298753738403
1483,22.228346168994904
3128,24.93995690345764
3310,24.31466394662857
1822,19.46173584461212
2389,32.51942420005798
1755,25.855700075626373
2184,25.5326429605484
2969,24.009285271167755
182,14.906460285186768
2341,33.87909263372421
3134,26.731895923614502
3130,29.746135354042053
3334,35.169749677181244
2003,18.650884747505188
557,17.92672348022461
2181,36.26751530170441
113,31.345052003860474
1708,35.99552923440933
1854,20.38664561510086
1462,23.648776054382324
3074,31.750739455223083
3148,32.90887367725372
327,23.631752371788025
171,25.107574701309204
118,22.67567616701126
2954,23.43742048740387
1885,29.579827070236206
2041,30.271512389183044
2298,29.082473635673523
2413,35.318510472774506
548,18.553980708122253
2814,26.20822125673294
1180,49.102062463760376
1665,38.032871186733246
2366,38.67649734020233
667,33.36104887723923
1849,22.31005984544754
2293,38.57710522413254
3121,35.7389954328537
2459,29.19587755203247
2227,37.475018203258514
1725,37.510898888111115
1974,25.423560440540314
2593,39.58110964298248
54,23.45627748966217
879,25.86473572254181
126,28.588917791843414
1442,29.407887876033783
67,26.124019503593445
2111,21.28850793838501
2774,32.043022990226746
2070,33.554856956005096
296,33.48519080877304
2107,20.812237679958344
612,17.651332676410675
2065,35.646412789821625
310,34.466147780418396
1085,18.359255969524384
111,28.277908205986023
2336,26.38317233324051
2694,30.791913270950317
2317,38.46985602378845
2930,20.02967208623886
2702,24.545400321483612
2269,22.16221570968628
2988,24.309818744659424
3084,19.22418999671936
509,24.78019618988037
1063,30.21140569448471
2946,30.055442571640015
2083,35.3686648607254
604,35.721709847450256
561,22.8139608502388
564,20.494680523872375
597,27.31253445148468
2920,24.896481037139893
1338,31.00064980983734
2838,34.54930192232132
592,16.761255979537964
115,24.221950352191925
2628,35.01142942905426
999,44.03411215543747
114,28.19134932756424
2452,20.767321348190308
2449,38.47640359401703
1203,37.88188421726227
2762,27.864494621753693
857,32.0938321352005
1149,29.256769955158234
2062,29.535565495491028
459,25.91515201330185
1520,16.89940971136093
287,24.985266089439392
450,33.95897299051285
2696,21.35162651538849
1652,17.36062055826187
2182,26.093900680541992
988,17.211728811264038
2627,33.83771198987961
2029,33.14851474761963
128,14.012585997581482
51,22.969923973083496
2451,29.155020713806152
2177,17.195228934288025
1233,44.2124679684639
69,23.031471133232117
1613,30.800948917865753
2276,32.44334143400192
313,24.67674458026886
1251,33.18622875213623
882,19.033000946044922
1089,17.889009475708008
1716,26.118912398815155
3170,30.959138214588165
2686,32.31474715471268
3145,30.245060205459595
2641,28.797523379325867
1508,22.5117250084877
500,21.82134920358658
1962,23.94407147169113
535,20.55046582221985
3260,30.10716837644577
3197,10.102769911289215
2604,35.62323439121246
3289,25.79310530424118
1851,21.12285441160202
2014,36.827856361866
1921,32.073665618896484
1248,34.39386260509491
2883,21.580791473388672
306,37.0431404709816
2674,33.782712399959564
2349,23.969345092773438
3227,25.46009588241577
2474,35.681376814842224
1617,23.142386972904205
2903,24.14979612827301
3295,26.730586409568787
1632,36.20780146121979
1179,25.687427520751953
76,17.148086428642273
207,20.15774255990982
3010,26.29687535762787
984,37.65808826684952
2955,25.80764091014862
412,19.535723388195038
1766,23.955202341079712
867,21.597160398960114
2909,29.6971595287323
2640,38.48674875497818
2271,42.435588359832764
3143,32.02089220285416
2860,31.695608913898468
2419,29.438661456108093
715,31.98029726743698
401,23.740049183368683
677,31.363254249095917
2436,31.62502610683441
2086,30.34458327293396
1409,23.527515053749084
2126,36.26188439130783
210,44.04930251836777
2779,36.685774087905884
1723,20.58464413881302
2387,30.608319401741028
1845,27.382200598716736
1115,22.44847548007965
1412,33.075051009655
1778,23.391063690185547
2525,27.3911052942276
700,24.526150465011597
367,32.591316521167755
1556,21.205353796482086
270,14.50954657793045
37,28.93266522884369
380,31.818310379981995
1339,16.62179273366928
1482,28.45272833108902
1889,36.29370558261871
80,22.63704550266266
1278,21.529589474201202
340,27.796399891376495
814,29.27012699842453
2220,33.830509662628174
3347,34.967298805713654
2103,22.275619626045227
923,29.92108643054962
2081,28.79451149702072
926,31.38237315416336
1230,22.36558324098587
2986,20.217194497585297
1932,32.2856759428978
2757,20.32601511478424
2045,31.707132637500763
2307,17.612178206443787
847,33.157550394535065
2416,29.48619681596756
623,21.94614589214325
2977,26.040079653263092
1073,25.306751787662506
1938,30.56589114665985
2371,26.762800455093384
1237,20.40183597803116
967,41.74364113807678
2450,32.960206627845764
2978,24.772731959819794
1537,32.53513836860657
1001,20.216015934944153
1653,30.11738258600235
1429,22.66284292936325
366,33.10268175601959
1162,22.947007477283478
1774,35.83314949274063
421,32.50357908010483
797,37.522815465927124
3231,21.70794528722763
1821,29.15829449892044
3179,29.4630184173584
2837,19.273296773433685
382,23.137410819530487
550,22.701604545116425
1218,34.69544368982315
1700,29.332197964191437
2991,20.295896291732788
542,30.656116664409637
1832,20.21221834421158
1355,22.760794579982758
942,26.006032288074493
2120,23.05150669813156
1803,40.78848159313202
2603,28.88918936252594
2768,33.57934486865997
974,18.649968087673187
2726,27.456450045108795
1178,26.340875029563904
2186,13.999228954315186
2132,34.08324587345123
757,38.83547234535217
3226,22.708283066749573
1662,15.166136920452118
1470,27.844197154045105
2199,37.80331337451935
1046,29.25205570459366
1875,17.13328891992569
2595,30.653104782104492
894,33.71422481536865
1433,26.867037773132324
3284,29.9993953704834
1680,33.963818192481995
1859,8.082844495773315
2074,33.67061799764633
2752,27.737209856510162
1257,31.379099369049072
1195,24.369794487953186
35,16.602673828601837
1871,24.64178055524826
2472,20.799797296524048
2204,34.512111723423004
370,21.409507036209106
739,41.00730139017105
1633,41.80846208333969
2330,23.271374106407166
1035,18.57336151599884
3063,29.409066438674927
2005,28.047564685344696
2895,29.79105168581009
2327,39.13744628429413
2873,43.24840372800827
1806,28.543870508670807
3009,22.68680703639984
3193,29.566862881183624
179,32.0427610874176
1572,30.037764132022858
452,36.10998076200485
333,27.945029735565186
781,23.448027551174164
2428,25.43861985206604
1413,26.624515771865845
684,29.384054720401764
1533,34.096210062503815
2500,34.429350435733795
2171,28.828820765018463
3090,31.2722430229187
273,31.661168694496155
2073,27.425021708011627
490,39.76967966556549
1823,23.339599788188934
2621,35.966719925403595
198,25.057289361953735
1779,33.616142213344574
3335,34.0106987953186
251,23.77134656906128
2364,30.82713919878006
3352,21.19710385799408
737,23.653228402137756
2304,32.332556545734406
398,24.137355744838715
868,26.833645164966583
3150,35.40585505962372
298,8.168224811553955
2311,29.677909672260284
281,27.97881519794464
2989,21.735052227973938
1530,36.56097739934921
755,40.797648191452026
2367,38.583652794361115
104,22.191548824310303
446,32.59838789701462
488,27.282153725624084
2240,28.882772743701935
491,30.638962030410767
3001,30.81705594062805
322,10.703444004058838
1198,24.383544385433197
3092,26.145495533943176
2560,18.42316025495529
2136,26.489766776561737
2843,31.152815341949463
1407,16.69250649213791
929,19.643758296966553
2296,20.258182287216187
2094,31.778108298778534
3297,22.244584143161774
1546,25.883330821990967
706,11.830673694610596
2026,18.129043400287628
1904,25.838807344436646
3254,37.22241294384003
2526,38.898852825164795
2212,30.479201316833496
2076,34.83516883850098
449,30.465713322162628
351,30.134013414382935
3299,26.27055412530899
1027,34.86437100172043
269,19.9177086353302
314,35.31955808401108
3034,33.71736764907837
3238,30.527129530906677
130,45.36470937728882
1998,25.64198738336563
2335,33.26047819852829
72,25.009361147880554
945,23.701156616210938
1439,25.816414654254913
1126,21.464244723320007
644,32.653649389743805
1486,32.180783867836
1833,16.95990926027298
1731,19.205202043056488
1539,32.85452884435654
2455,32.97592079639435
1069,26.502207159996033
2808,21.351495563983917
2342,37.30190044641495
2196,34.88178753852844
936,26.32254183292389
1984,36.043588399887085
1976,18.834478616714478
2786,33.92322325706482
201,24.759113013744354
335,30.820067822933197
1966,10.264363944530487
1746,28.490573287010193
1310,15.992833137512207
1671,19.62555605173111
3013,32.278604567050934
1360,28.59965580701828
166,32.17816483974457
1945,12.123350083827972
3065,14.08238309621811
903,26.58667081594467
2878,13.17371129989624
307,28.59716773033142
3252,35.67993634939194
1397,12.543442189693451
2513,29.2127702832222
250,23.683740079402924
2734,24.54697173833847
1247,41.65367752313614
2688,27.521140038967133
177,15.812774956226349
1598,22.325250208377838
2011,23.239029109477997
1574,29.88520574569702
2815,44.61815541982651
1925,39.56735974550247
2710,32.964528024196625
2538,20.68966716527939
2156,33.68659406900406
365,39.30689740180969
913,14.745651960372925
787,31.234005212783813
316,22.879567503929138
15,27.036226987838745
1817,27.16233319044113
3354,31.97073781490326
2391,31.104494273662567
3203,21.112247347831726
2721,26.083031713962555
2660,29.414173543453217
1967,21.70100486278534
2422,39.48250323534012
1036,40.33473497629166
2090,15.894619584083557
850,40.84727877378464
881,24.469579458236694
2442,34.612944304943085
2092,18.818764448165894
1534,31.68460899591446
1701,20.796261608600616
3036,32.897480905056
2812,24.4042347073555
2917,27.43196213245392
2517,32.85151696205139
1624,38.57448619604111
2445,33.15650278329849
1289,34.87445425987244
2625,32.14778411388397
434,15.117815852165222
2923,35.138976097106934
2957,36.044374108314514
453,35.02085793018341
1960,30.00371676683426
3021,29.240662932395935
301,26.364184379577637
1104,22.686021327972412
729,26.027508318424225
2976,25.51038122177124
1958,31.68460899591446
2642,40.38868695497513
1419,24.874743103981018
2580,28.40925246477127
125,14.306571900844574
1390,16.54047191143036
1341,28.346395790576935
3337,19.808102309703827
2044,32.36280632019043
1301,27.16128557920456
2197,31.773132145404816
1734,31.478360533714294
552,38.32188093662262
1603,34.66296774148941
2799,25.007004022598267
319,12.24015873670578
1943,28.93881994485855
2951,23.340778350830078
897,21.245163023471832
1320,27.416378915309906
581,22.96416211128235
2030,28.381228864192963
277,21.709778606891632
794,30.101406514644623
2828,27.597484707832336
148,25.46075063943863
2558,22.054966509342194
413,18.154447972774506
1373,29.209234595298767
2841,33.26820433139801
2551,28.383847892284393
1100,31.68473994731903
3311,20.11767143011093
3101,37.85647964477539
1391,25.77071261405945
40,26.75664573907852
816,24.05852299928665
1155,25.027170538902283
2952,23.407301664352417
978,39.94554740190506
2289,21.68476688861847
2071,28.23652756214142
766,23.01798313856125
1077,21.574898660182953
2574,18.8978590965271
3085,24.4598890542984
1056,22.991269052028656
1449,37.18535369634628
2216,38.80090117454529
1969,25.02939671278
671,22.976602494716644
2370,30.542974650859833
1078,23.822155714035034
2229,26.095603048801422
1392,33.95805633068085
933,22.029561936855316
379,21.440804421901703
1944,21.866134583950043
2448,30.802782237529755
3189,25.31133508682251
1368,21.978098034858704
2411,24.681720733642578
921,28.20942062139511
30,25.275192499160767
649,19.384474515914917
2359,15.884012520313263
1694,24.340854227542877
303,26.80339539051056
502,34.14204305410385
2159,29.885467648506165
1936,30.981269001960754
534,18.568516314029694
3019,26.026067852973938
2790,38.910900354385376
1127,40.812969505786896
1587,18.135590970516205
2997,24.661685168743134
2983,20.67709583044052
606,36.80415415763855
1862,19.200880646705627
137,21.941562592983246
1359,22.87629371881485
2061,27.050893545150757
328,19.659210562705994
2507,30.20721524953842
2361,30.363833129405975
2324,30.241524517536163
2597,31.66090679168701
2759,34.24326848983765
2468,36.705547749996185
793,27.18276160955429
593,24.66810178756714
1209,41.75804579257965
1049,28.804201900959015
3160,33.09456276893616
1489,29.622386276721954
1582,34.687848508358
3187,18.731027007102966
1810,25.471226751804352
1722,27.33885568380356
1858,39.54693132638931
195,40.36419904232025
743,22.782925367355347
462,21.177199244499207
2737,27.827042520046234
2214,31.58547878265381
528,13.17279464006424
1531,31.117982268333435
42,27.220082759857178
2648,34.55192095041275
2836,31.32344502210617
132,39.30152839422226
2846,30.719759047031403
325,33.703224897384644
1060,41.50517863035202
744,24.045165956020355
1532,30.908590972423553
1305,22.79078245162964
863,31.80246526002884
1408,15.488146424293518
3228,26.896108984947205
2685,27.538294672966003
2350,16.89914780855179
1322,27.511973440647125
653,32.11884385347366
3190,26.893489956855774
485,37.02441442012787
1601,27.972922384738922
3342,32.01434463262558
1953,26.85734736919403
1635,43.76186418533325
1440,26.565849542617798
1096,24.55967402458191
746,32.27821171283722
2559,39.47896754741669
1989,37.50094658136368
444,28.06681454181671
1762,32.34604454040527
1523,28.778535425662994
3239,22.01463347673416
275,39.8308339715004
2840,30.61290270090103
1873,14.050169050693512
2950,18.323506236076355
1906,23.6893709897995
1571,30.586581468582153
1869,34.40093398094177
2138,29.1060448884964
1022,26.562182903289795
474,35.3075105547905
155,18.309625387191772
346,21.772111475467682
2084,30.304250240325928
893,20.847594559192657
2798,18.29495882987976
734,41.42595303058624
844,17.13341987133026
1037,20.14569503068924
1131,22.209882020950317
1754,23.260374188423157
650,35.21663028001785
3169,27.670948445796967
3120,31.101744294166565
2260,33.159383714199066
3135,25.720820128917694
758,32.4471390247345
3041,16.37756836414337
569,24.807695984840393
2431,32.612661600112915
2887,22.92317432165146
1263,34.28818482160568
3229,27.391498148441315
2679,21.495018303394318
1336,24.93642121553421
3138,28.273193955421448
2337,30.682437896728516
477,24.099641740322113
1646,30.360166490077972
517,24.525233805179596
2741,25.157205283641815
583,21.26035338640213
2091,42.72315764427185
3207,27.870911240577698
1312,32.6453994512558
1258,36.99285513162613
1068,26.229697287082672
20,24.27289044857025
760,45.82683688402176
3316,23.17879146337509
2785,35.75025725364685
2113,35.630174815654755
3185,29.380911886692047
323,40.59270924329758
2661,25.575725972652435
2493,29.462756514549255
1047,21.335257589817047
2651,23.963059425354004
239,23.427861034870148
2680,31.420349061489105
2462,29.92959827184677
1971,21.517018139362335
189,22.120049357414246
497,31.049494683742523
1080,23.250683784484863
131,21.45848286151886
2105,35.54610401391983
2506,24.77312481403351
2795,39.24456453323364
2106,29.960502803325653
164,24.741303622722626
1676,25.920128166675568
3237,37.09486627578735
1132,26.876597225666046
970,21.6174578666687
3075,21.042319297790527
2739,35.80381637811661
2792,17.607725858688354
895,28.622310400009155
468,22.008740663528442
1369,15.95210725069046
355,37.215472519397736
1086,29.06335473060608
940,29.985252618789673
2514,33.096134185791016
1421,32.7539581656456
1232,20.246134757995605
1181,22.548915207386017
3051,26.129388511180878
2885,34.16142386198044
2376,25.907294929027557
1561,35.06066715717316
1802,31.845417320728302
3099,16.576745450496674
1055,23.72603738307953
514,19.47352147102356
2052,38.95306670665741
788,33.06470584869385
1538,20.00400561094284
1010,19.216987669467926
2638,26.979001224040985
1614,29.16850870847702
1844,19.492509424686432
931,37.406661570072174
714,22.103025674819946
3080,26.2107093334198
3182,37.59248161315918
917,28.730607211589813
361,33.46017909049988
61,27.673174619674683
912,19.45558112859726
1358,20.757761895656586
28,22.69597363471985
1153,22.875638961791992
2996,20.1329927444458
1271,34.24706608057022
101,25.447393596172333
1956,24.480972230434418
2892,29.812265813350677
3125,18.6305872797966
783,20.722535967826843
2666,43.62266284227371
1306,31.484515249729156
678,31.544360041618347
2456,33.768307745456696
1500,33.01690858602524
3117,25.909652054309845
1033,24.146784245967865
127,23.605169236660004
1886,36.22259896993637
1776,26.565718591213226
1977,20.17319482564926
354,20.543918251991272
2671,18.94814443588257
1118,32.150665044784546
2601,21.712790489196777
48,25.935056626796722
3200,25.142800629138947
2278,21.082914233207703
1739,27.305463075637817
1801,39.17594599723816
2175,35.77605468034744
404,19.625032246112823
1253,26.779824137687683
972,23.94917857646942
3196,30.21808421611786
2140,33.89611631631851
2861,25.577428340911865
2421,11.83879268169403
3355,22.343845307826996
2789,40.615625739097595
274,31.5933358669281
2457,35.67247211933136
2153,17.612832963466644
483,28.741999983787537
140,23.439646661281586
1066,23.359373450279236
256,19.544104278087616
629,28.945105612277985
1166,35.56299674510956
1586,17.705153703689575
1993,41.63678479194641
2435,31.945857048034668
570,20.477656841278076
1547,19.328558266162872
1846,14.95281708240509
607,33.585368633270264
1363,26.68396770954132
2769,25.612261414527893
2264,32.70851802825928
2862,30.85621041059494
1201,25.269692540168762
1528,29.134068489074707
839,39.33649241924286
194,28.81232088804245
2579,24.834933876991272
873,25.46336966753006
818,24.554828822612762
2985,26.400719821453094
1623,21.627017319202423
2466,17.267906963825226
2928,20.386252760887146
362,37.31159085035324
2012,28.207063496112823
925,15.782001376152039
2075,32.46521031856537
2633,27.460771441459656
2782,23.455884635448456
1510,35.7228884100914
837,40.30068761110306
360,27.504247307777405
63,29.197056114673615
68,26.300018191337585
2907,20.47713303565979
1985,21.859717965126038
271,37.69331419467926
414,19.310879826545715
1351,11.07089364528656
938,21.850682318210602
969,16.693685054779053
1398,27.191404402256012
383,36.42491888999939
756,22.857960522174835
282,18.532111823558807
134,20.583334624767303
2343,36.863606095314026
2787,22.326690673828125
2476,38.29032164812088
1527,37.359650015830994
98,23.596919298171997
1095,22.87288898229599
2697,37.950764656066895
937,22.35432142019272
1291,40.33918732404709
1519,39.25399303436279
842,29.95264571905136
2908,22.236334204673767
3104,42.8733589053154
1872,32.177902936935425
1563,27.28333228826523
1790,27.052595913410187
3058,20.81276148557663
2019,19.11667889356613
2999,25.675903797149658
2571,27.575353920459747
465,37.458911180496216
1636,17.860854923725128
2682,23.239552915096283
1543,33.07583671808243
1625,23.41948014497757
3068,37.71308785676956
585,29.333900332450867
1963,27.16220223903656
1975,28.638286471366882
484,27.64986526966095
2056,39.54234802722931
481,26.488064408302307
3274,22.17347753047943
1831,26.908811271190643
1242,35.43780720233917
1344,23.72787070274353
2477,41.507273852825165
1065,24.70411342382431
2154,25.25581169128418
3338,31.968773543834686
905,32.85570740699768
1524,36.08496904373169
2261,37.07587832212448
1597,19.731888592243195
1939,21.369959712028503
23,21.57987481355667
2649,10.373446464538574
1826,30.025323748588562
1478,19.053691267967224
791,24.872647881507874
1202,39.18275547027588
1327,30.093156576156616
2482,38.55824822187424
2520,26.564540028572083
2125,25.52832156419754
2082,18.579778134822845
2701,26.106210112571716
2246,38.249726712703705
676,25.61789232492447
2165,33.49697643518448
1641,32.65666127204895
1445,32.73379164934158
2656,21.153366088867188
910,27.884399235248566
821,33.17496693134308
1221,23.406123101711273
3266,22.921733856201172
2417,28.067993104457855
1385,14.889174699783325
1361,43.74313813447952
220,23.09838730096817
419,37.78969442844391
1264,34.179888010025024
1496,10.58323061466217
2632,42.6787651181221
1705,24.316104412078857
56,27.265391945838928
317,25.45564353466034
2244,31.375039875507355
2809,25.145943462848663
2384,39.695561170578
1789,23.492551028728485
272,18.77070528268814
1173,38.795401215553284
3317,35.220558822155
144,19.19498783349991
2626,27.2646062374115
0,26.368374824523926
96,23.08647072315216
2614,32.46272224187851
2213,37.9438242316246
2480,33.97193717956543
2736,24.672161281108856
1130,29.446387588977814
1660,16.987670958042145
170,16.096022844314575
2287,38.809282064437866
471,22.804139494895935
2842,24.52130526304245
768,24.928433179855347
3312,23.472646415233612
3152,22.489594221115112
324,19.070714950561523
3005,31.28848099708557
3073,32.96164709329605
221,38.295035898685455
1050,23.129553735256195
765,25.34904909133911
2683,29.153318345546722
1902,17.44325089454651
2405,24.02774941921234
3015,29.83819419145584
1287,10.709074914455414
2724,29.54604160785675
1816,38.14142990112305
2469,34.78946679830551
1868,32.45761513710022
2818,32.791279315948486
160,22.718104422092438
1568,39.04538744688034
2256,28.817035138607025
1562,37.88214612007141
2731,27.686793565750122
2973,23.268755078315735
2733,32.81066012382507
2397,26.420493483543396
2187,36.56307262182236
2706,22.66611671447754
119,24.35211604833603
1058,28.04363614320755
529,17.775212705135345
1165,39.435229778289795
53,33.10189604759216
1185,39.934154629707336
2066,20.97749835252762
2312,30.408487558364868
1942,23.55619341135025
232,18.97642993927002
2284,26.10817438364029
770,41.69374865293503
2002,27.025096118450165
2402,42.52594482898712
1208,27.775054812431335
106,21.25341296195984
682,33.81964069604874
1117,41.877080619335175
661,25.362013280391693
1629,36.278515219688416
864,23.541395902633667
428,31.631442725658417
135,22.907329201698303
1092,34.122662246227264
2155,32.11072486639023
1170,36.31059831380844
2857,31.49761039018631
2594,19.04661989212036
2183,28.51846593618393
610,21.689481139183044
1282,13.905991554260254
2020,20.870642006397247
1940,27.16730934381485
964,25.383358359336853
1799,25.941080391407013
2535,20.222956359386444
2775,25.092384338378906
2018,31.356968581676483
909,29.315829038619995
213,20.586215555667877
139,18.88070446252823
377,22.19141787290573
774,29.535958349704742
283,22.85573434829712
1981,17.724796414375305
512,28.237968027591705
2068,30.955864429473877
1667,22.985245287418365
1083,36.87185603380203
1602,26.89925181865692
3209,19.516473531723022
1217,32.523745596408844
935,29.234901070594788
2765,24.57525724172592
1142,33.81125980615616
3234,25.447393596172333
2979,26.804050147533417
2554,31.718656361103058
13,26.06129378080368
1698,32.789576947689056
3329,14.14654928445816
1456,34.01868683099747
3137,32.79271978139877
736,30.922340869903564
1793,27.78068572282791
2017,40.42810332775116
1075,23.263386070728302
3350,17.18030047416687
828,25.883199870586395
2241,27.265784800052643
2980,29.220103561878204
3223,12.703726708889008
587,24.416413187980652
1123,29.031664490699768
2316,39.84995287656784
875,22.260953068733215
1348,32.64212566614151
2899,19.773007333278656
2464,33.90764003992081
2944,22.863067626953125
1677,36.45739483833313
3172,17.838200330734253
2471,32.70904183387756
1374,37.405090153217316
1211,28.24189656972885
900,34.590813517570496
735,24.362723112106323
475,35.33880794048309
741,34.41494578123093
669,22.958531200885773
2588,18.024413228034973
2253,29.85849165916443
1894,12.92084413766861
2139,26.116162419319153
31,14.724044978618622
3286,15.976202309131622
2223,30.172251224517822
2662,30.384130597114563
2788,36.61309605836868
880,26.731895923614502
286,22.489070415496826
2323,36.23477745056152
2904,24.82275539636612
1678,23.641180872917175
1947,27.49534261226654
1912,24.344258964061737
2047,32.28174740076065
1101,40.2425451874733
2022,23.338814079761505
2636,27.949089229106903
1506,17.235431015491486
2375,30.754854023456573
848,31.792774856090546
1435,37.10075908899307
1935,25.285275757312775
393,25.398810625076294
233,27.339379489421844
3288,33.85669994354248
1521,20.410216867923737
84,22.426737546920776
339,17.76630800962448
2730,31.079744458198547
946,41.86725926399231
430,30.38059490919113
2232,20.124742805957794
594,13.808563709259033
1644,24.232164561748505
2255,25.822438418865204
2830,33.256287753582
349,30.511808216571808
238,27.03923887014389
3087,23.904917001724243
2163,30.159025132656097
3171,19.918232440948486
3256,21.685028791427612
800,21.25852006673813
441,42.51834964752197
2867,21.366947829723358
3129,23.437027633190155
511,19.579984962940216
1683,21.091033220291138
353,29.238960564136505
1384,29.68524295091629
1265,24.447448670864105
2390,41.95185387134552
2414,43.03141725063324
1757,19.753364622592926
3345,20.057302832603455
109,20.93677246570587
2591,33.9900084733963
2309,27.138761937618256
865,25.609249532222748
49,25.59065443277359
2118,36.19156348705292
1133,28.55709660053253
1495,22.500856041908264
1949,29.378161907196045
2295,34.4877547621727
2258,24.593590438365936
617,20.764440417289734
2010,23.65008556842804
2353,30.536558032035828
1428,22.75673508644104
1717,38.77903228998184
100,21.476030349731445
99,23.064863741397858
632,20.90416556596756
689,26.477850198745728
2608,6.618807792663574
2870,14.947971880435944
1315,29.185401439666748
2826,31.618216633796692
3136,29.363495349884033
158,11.926399171352386
2340,40.36825853586197
1898,26.11432909965515
2393,28.371800363063812
3241,20.297991514205933
2825,21.440149664878845
299,17.311251878738403
2553,25.25424027442932
172,23.588276505470276
1905,32.76155334711075
2735,29.678302526474
2248,28.971033990383148
22,21.661457538604736
2060,36.11731404066086
1129,19.31729644536972
2352,36.389562010765076
1451,29.48698252439499
385,21.091818928718567
1719,27.93010127544403
2612,40.038260996341705
45,34.685622334480286
2816,27.796137988567352
1877,14.856567800045013
1707,36.550894141197205
1982,23.807620108127594
1728,23.62703812122345
2823,21.271222352981567
123,26.915882647037506
643,29.802444458007812
2053,37.123937487602234
1279,21.01704567670822
813,18.692265391349792
2465,26.828407108783722
3215,26.345458328723907
1860,20.926558256149292
1847,14.425213873386383
260,18.560921132564545
823,39.74257272481918
1493,20.220468282699585
934,26.772228956222534
1511,26.026722609996796
2962,16.523055374622345
2365,30.211536645889282
3271,28.346526741981506
3032,29.562541484832764
1194,30.444761097431183
3011,31.93315476179123
2399,37.3462929725647
2916,25.70851069688797
2250,40.88355231285095
2378,31.734894335269928
1729,34.45475500822067
2637,39.23238605260849
2099,35.327808022499084
2069,36.76486873626709
1686,30.729449450969696
445,21.897039115428925
2096,17.388120353221893
2400,12.139457106590271
1557,32.6849467754364
954,20.274551212787628
29,14.469475448131561
1887,31.38748025894165
707,34.80190718173981
1472,24.810315012931824
683,31.763048887252808
2145,34.860835313797
836,38.74446111917496
2294,27.404593288898468
637,29.13354468345642
1269,48.20570009946823
2001,22.37488079071045
2650,35.51336616277695
1611,16.793208122253418
2854,26.223935425281525
1748,24.96457576751709
887,27.147142827510834
2035,36.26070582866669
2142,33.98293709754944
2039,29.900265157222748
2879,27.064512491226196
944,33.5414999127388
1983,32.178033888339996
3088,39.03504228591919
817,44.843522787094116
749,22.589117288589478
112,22.303381323814392
79,22.569081723690033
738,29.901050865650177
3216,24.590709507465363
27,30.954031109809875
2410,37.93583619594574
1223,30.571129202842712
1499,33.01009911298752
359,19.98685097694397
2508,29.595803141593933
2440,34.851144909858704
2369,25.505928874015808
2162,24.213307559490204
2460,24.048439741134644
2362,24.900016725063324
2034,27.735900342464447
1375,13.601136684417725
1836,27.80111414194107
3346,17.574595153331757
3180,29.133675634860992
3140,19.27971339225769
1125,19.718007743358612
2116,25.30635893344879
2573,30.181024968624115
2570,19.61010378599167
2859,24.84252905845642
959,38.36561870574951
835,18.8817520737648
977,29.199675142765045
1726,35.01391750574112
1743,25.653380155563354
989,17.359180092811584
1484,28.207849204540253
3269,18.36580353975296
1579,45.114199340343475
1380,15.086518466472626
1186,22.004419267177582
1924,26.288232564926147
2561,27.228463649749756
467,16.583031117916107
1051,37.56183898448944
633,27.787233293056488
1773,30.242572128772736
3102,25.93217569589615
558,21.598077058792114
2158,27.43536686897278
2067,38.366797268390656
2921,29.6263148188591
2268,28.20758730173111
2492,26.43110054731369
1377,47.28209984302521
1709,25.69999885559082
2665,26.729407846927643
1235,17.257430851459503
953,24.770898640155792
2009,23.778810799121857
648,26.540837824344635
3024,29.6433385014534
65,18.366982102394104
3307,27.013965249061584
2198,26.60775399208069
1928,21.3833167552948
136,23.814429581165314
866,30.456022918224335
1634,27.20161861181259
2767,19.745769441127777
1119,31.98867815732956
1200,38.52511751651764
750,22.00585973262787
1637,30.888424456119537
3037,29.227829694747925
2905,20.662036418914795
773,26.010222733020782
951,27.652222394943237
1106,16.001344978809357
2569,27.650912880897522
494,24.57499533891678
396,20.891201376914978
815,43.051452815532684
1607,22.595664858818054
1502,27.82743537425995
3095,29.23503202199936
1880,22.82260364294052
2802,27.71809095144272
469,25.32678735256195
2971,27.935732185840607
2732,26.950191915035248
1383,37.8720628619194
1777,37.24074614048004
2877,23.146577417850494
1512,26.54371875524521
374,24.376473009586334
2546,46.02012115716934
1197,29.068985641002655
2748,32.04354679584503
3304,32.99923014640808
2869,19.549080431461334
2322,32.20566463470459
704,20.29786056280136
496,26.09625780582428
560,29.21800833940506
2334,32.683637261390686
1161,33.85905706882477
2112,40.38357985019684
1222,19.127809762954712
2714,29.51343470811844
1991,34.58099216222763
2110,40.079248785972595
971,22.699771225452423
727,26.15859067440033
2377,43.121511816978455
2013,38.569248139858246
2478,24.441555857658386
3272,29.32656705379486
1241,43.49498522281647
2894,25.24638319015503
1067,43.33286738395691
1227,24.07554668188095
2038,29.182782411575317
2970,27.441652536392212
2467,37.06723552942276
43,23.86720299720764
2270,35.384248077869415
258,16.450639247894287
3027,30.457725286483765
1788,38.73529452085495
1986,26.650182247161865
2048,24.62632828950882
1770,23.50315809249878
6,22.237774670124054
386,16.991075694561005
1550,26.20128083229065
2380,30.013407170772552
1879,36.42766886949539
2085,29.449268519878387
389,23.609621584415436
3276,22.500070333480835
3044,25.007004022598267
3072,24.928564131259918
1648,22.496927499771118
2749,23.75956094264984
2615,34.888727962970734
1466,37.165056228637695
1370,31.187255561351776
173,31.000911712646484
536,23.570336163043976
1480,23.286957323551178
1769,22.957221686840057
2672,38.02815693616867
2548,30.11135882139206
373,22.738270938396454
1094,35.80473303794861
2160,34.04094856977463
2912,26.840585589408875
2347,38.4585942029953
2418,40.72091066837311
2202,19.759519338607788
432,14.255762755870819
754,27.884137332439423
2794,18.38898193836212
1999,29.21211552619934
235,15.177529692649841
3158,25.49925035238266
492,40.96814692020416
38,17.505059957504272
2354,39.79848897457123
573,27.97449380159378
679,39.091089487075806
965,20.105100095272064
1084,19.324760675430298
2193,36.222860872745514
2884,33.40989375114441
2447,40.423389077186584
803,24.275116622447968
2810,26.047151029109955
348,18.133888602256775
1277,29.5554701089859
2117,20.35770535469055
3320,30.83997243642807
1394,40.89625459909439
2925,24.633661568164825
1516,26.930942058563232
2077,24.280223727226257
3060,22.873150885105133
721,34.51459980010986
1529,38.3707258105278
1703,29.50086337327957
247,16.681113719940186
2252,29.931431591510773
338,20.31828898191452
1805,31.697311282157898
1260,35.89142286777496
915,29.651719391345978
3047,34.64424169063568
1811,33.78925997018814
3020,29.174794375896454
1691,29.94308626651764
1136,28.93358188867569
2926,28.04612421989441
776,34.20188784599304
1188,23.58788365125656
2290,32.17161726951599
375,41.63468956947327
798,24.65801852941513
672,24.229414582252502
1467,27.008989095687866
2195,36.19339680671692
690,23.79033452272415
2529,22.991400003433228
961,28.653083980083466
2007,22.455677807331085
2584,20.811451971530914
2718,32.749374866485596
673,16.74645847082138
1643,28.610393822193146
36,18.12668627500534
83,22.851805806159973
1772,36.14717096090317
1192,11.505259454250336
2585,36.27524143457413
1820,30.14737045764923
1626,33.129395842552185
1910,26.000794231891632
3214,35.13963085412979
3175,26.106341063976288
2453,31.25927883386612
82,30.0711567401886
572,17.566999971866608
2392,27.801376044750214
278,26.41748160123825
2403,37.43795895576477
2845,25.594582974910736
257,28.166468560695648
563,26.991965413093567
259,20.54025161266327
675,21.315352976322174
457,43.65553164482117
64,30.356106996536255
3096,32.53199553489685
3066,26.138293206691742
578,25.39763206243515
150,28.600048661231995
294,28.074540674686432
1164,21.64312434196472
1926,27.77976906299591
3204,30.716354310512543
2544,10.383005917072296
2820,33.24096643924713
806,25.664511024951935
1308,28.54413241147995
685,16.05699932575226
2881,23.220957815647125
162,20.626024782657623
2800,41.3369060754776
762,41.82456910610199
2804,23.81233435869217
1490,33.02463471889496
2631,28.692369401454926
911,26.80352634191513
2394,21.118402063846588
1255,37.92470532655716
331,18.315125346183777
2698,23.81744146347046
1387,19.049631774425507
1487,21.75312352180481
2773,22.857043862342834
1146,45.04296177625656
2395,22.980792939662933
1313,22.602343380451202
168,23.35112351179123
2911,20.15669494867325
2678,17.905771255493164
2673,35.84061372280121
1425,38.586271822452545
2285,37.490470468997955
779,23.53576499223709
575,25.71872490644455
670,36.32186013460159
747,33.98568707704544
3163,33.488202691078186
3313,26.4269101023674
2236,27.994660317897797
3006,33.404393792152405
3035,16.62781649827957
2534,32.286330699920654
16,27.544318437576294
1043,17.699522793293
2934,16.388699233531952
2587,26.159638285636902
2008,16.161629498004913
780,40.64862549304962
2644,37.831206023693085
2927,32.46796029806137
3243,19.05408412218094
39,17.35446584224701
4,24.64073294401169
3061,28.827249348163605
1837,14.489380061626434
334,23.226850628852844
838,18.53158801794052
523,22.99834042787552
1693,25.394751131534576
1972,23.111482441425323
1332,16.23653370141983
3082,35.418295443058014
1897,37.198317885398865
159,27.900506258010864
859,25.518238306045532
3091,35.14801174402237
636,29.688909590244293
2382,27.354176998138428
1814,30.719759047031403
321,37.693707048892975
2717,46.33951163291931
3086,48.16052186489105
1135,24.924111783504486
660,26.762145698070526
2865,26.663146436214447
1756,18.833561956882477
2300,20.85453498363495
2543,26.321101367473602
920,23.88344097137451
3247,21.893634378910065
2231,21.73596888780594
1041,20.508954226970673
3181,32.73431545495987
1825,26.942203879356384
579,32.86448115110397
853,27.364784061908722
1865,30.701949656009674
1299,46.86646008491516
2832,28.583024978637695
1030,37.51024413108826
2532,22.26383399963379
1711,37.39461404085159
1800,24.846326649188995
590,21.20129430294037
907,24.095582246780396
784,44.7847256064415
878,29.68943339586258
292,21.2039133310318
2470,32.69686335325241
2760,15.05011397600174
1553,26.96066802740097
2032,25.006742119789124
2282,38.928840696811676
267,17.113515257835388
519,33.45441722869873
1206,23.813643872737885
2338,32.21247410774231
2446,13.255163073539734
1323,34.31529176235199
1307,32.25202143192291
1968,17.155026853084564
1552,33.24240690469742
2568,27.023131847381592
2176,37.52491068840027
2780,31.65907347202301
524,23.73821586370468
1796,31.119815587997437
2753,21.847801387310028
2953,20.726988315582275
1782,32.851778864860535
1189,33.98071092367172
1452,31.374254167079926
792,22.553236603736877
1168,29.114294826984406
2124,33.66262996196747
615,28.0530646443367
3300,26.295696794986725
3298,16.743446588516235
1714,44.330062329769135
62,28.528156340122223
429,29.23516297340393
2363,21.79149228334427
2345,40.78494590520859
1298,16.206414878368378
922,31.91796439886093
1141,26.166054904460907
2114,28.61576282978058
2346,20.632179498672485
3248,34.433540880680084
26,25.863688111305237
387,29.51710134744644
2318,29.213555991649628
1992,31.920976281166077
3155,12.543835043907166
2226,28.795690059661865
1311,26.79239547252655
156,26.63617044687271
236,17.239883363246918
2947,26.351874947547913
1616,34.33297020196915
981,19.64087736606598
2024,26.70439612865448
33,27.247058749198914
2104,25.2474308013916
73,11.065262734889984
1329,42.715038657188416
3093,37.14397305250168
55,26.756252884864807
1159,18.428660213947296
516,20.163897275924683
1730,25.303347051143646
487,22.857698619365692
3159,27.963624835014343
408,27.574044406414032
1212,30.281202793121338
2299,36.18265879154205
1116,21.825146794319153
1659,18.729979395866394
1997,23.061328053474426
975,43.702412247657776
1895,26.927668273448944
3069,40.05580848455429
1020,22.030216693878174
3285,28.994736194610596
3301,29.9842050075531
1670,19.939315617084503
1618,36.74601173400879
645,31.48058670759201
3110,28.37088370323181
2420,18.664372742176056
567,28.16149240732193
1916,35.86353021860123
214,21.766480565071106
289,24.510567247867584
1900,25.221895277500153
3267,27.56199687719345
1549,33.81479549407959
3007,30.859353244304657
2761,30.108477890491486
2712,23.286564469337463
3025,32.58503085374832
2541,10.906549632549286
397,30.313416838645935
1151,19.674924731254578
647,21.789397060871124
2025,27.193237721920013
2004,31.78373920917511
2540,23.60215735435486
1994,28.70991688966751
982,32.69437527656555
2681,26.379505693912506
2882,34.71011024713516
824,32.797041177749634
2530,18.75695538520813
703,26.68462246656418
655,24.11561781167984
2528,29.072652280330658
1447,34.84158545732498
315,24.22993838787079
786,21.734004616737366
240,31.956464111804962
896,24.763172507286072
1093,25.773593544960022
138,20.359931528568268
640,31.167350947856903
2727,28.426145195961
1111,27.451211988925934
2858,26.914704084396362
2488,30.40783280134201
2079,37.80069434642792
659,39.06175637245178
473,19.491723716259003
692,16.615114212036133
1424,34.003889322280884
1570,22.59199821949005
730,22.89750784635544
3178,26.91954928636551
2616,26.486362040042877
1450,37.28605532646179
2501,27.70381724834442
968,23.867464900016785
598,18.86040699481964
1751,20.198337495326996
3111,21.461363792419434
2620,17.71497505903244
2705,25.453810214996338
1807,27.11689305305481
1443,31.359849512577057
503,18.038032174110413
1294,19.408438622951508
2054,26.30119675397873
963,27.46024763584137
2524,40.02045160531998
2639,33.225121319293976
1045,31.67871618270874
1342,24.321866273880005
869,28.723928689956665
2438,33.78336715698242
811,40.23665237426758
1542,19.983708143234253
1615,22.572093605995178
1417,14.125073254108429
426,22.39124971628189
3191,26.52774268388748
753,27.316986799240112
3154,35.55697298049927
191,23.347456872463226
183,29.263841331005096
2357,30.744508862495422
1266,42.48024278879166
902,32.69778001308441
1274,26.828407108783722
2254,22.499939382076263
846,26.080412685871124
